arquivo,bytes,sha256
AGENTS.md,1860,f8e87e14d1575caa7c41e2339307858a8051dd6478c333923d8ac5b8ee7de8a2
README.md,687,c771a3340035c9f26d5e3a78c2de1c121a78423afdd9dd3f70dc001ac58c7dbf
data/base_01/catalogo_features_base1.csv,2785,5e944f40479cdfa7da7db715e0592985177dcde4aa2e81d6e4ff24eefb1130df
data/base_01/dicionario_variaveis_externas_base1.md,2997,e53c96e252c89271a1f1a4a797f01a31b69573ce3fcd7ac8a392c9aa263bcb36
data/base_01/disponibilidade_covariaveis_base1.csv,540,1999894dd763362cd6d54af2fdd3f05b8998269e61e2be6bb6a8bf9b09496f8c
data/base_01/documentacao.md,4687,b3595006e86341a69e690dd8859d233b7cfe77185d5f9e7d073707d6fea9e8d2
data/base_01/metadata.yaml,409,779deb81fea78b471034b28e595f0f28ccbeb7102508288d594f67d1271b0857
data/base_01/raw.csv,282364,dcb86b9461168a1cc3f122a40d7aa6b53ac773a5703423320a2a90c3823c38f7
data/base_02/catalogo_features_base2.csv,2668,2ecae731c62aaddeaddd89778b937fbfc9d67eb1847644a5d711ab160031abfe
data/base_02/dicionario_variaveis_externas_base2.md,3411,b6dd1abf631f3052e2eff3d1739d72dcbcd351e2ad3946e22db770418b95e290
data/base_02/disponibilidade_covariaveis_base2.csv,721,eeb52685ffe7e48d740bf6c6c6d61ed74d22621ae9f9dc9625fd2d1caed17af0
data/base_02/documentacao.md,5592,18b1f36d43be6883804c7b43ee7270c12f622cb7e54a3f14028aefbfad773f0a
data/base_02/metadata.yaml,424,84eac4ccc6b63c0358843fde512916ed2ca30983da1e4d9720fb6e819afd67eb
data/base_02/raw.csv,3237208,749c90d720360a4215bb15345526073c079ba4cc95e3fa558796d083f85fce9e
data/base_03/catalogo_features_base3.csv,3942,d8f4a7e796f36cc10c0e434e5dff941969d0c1030c9c8f48713fecfd51d97c98
data/base_03/disponibilidade_covariaveis_base3.csv,1465,f2f72a601007c89c41916ac867163532297b65cbf2e66d93402244b79be10c2f
data/base_03/documentacao_base3.md,5965,894f3bd4c1a24c886abcd79e5d58835fcad4aacb831032d9892ba0135e1b4534
data/base_03/metadata.yaml,465,b7170821b0f740ce52a7cfe63410d3af60eb636dc8dd0578550d4d0c03363a6a
data/base_03/raw.csv,2835880,38155611e0e2dc738cbc546855d8170fb0e39c31243406b07a175dd7b9878b31
data/base_04/catalogo_features_base4.csv,4655,56a4f1a89e964d98f0dc64c4a71b1c5edb1965f89b57432b60870ce2b6c52073
data/base_04/disponibilidade_covariaveis_base4.csv,1770,a433d46975184fbbd2d582d7f2884a3c8091447432d4356750d2610ea814c2ea
data/base_04/documentacao_base4.md,8693,729b0aa16acb17e2c4b0d31b1322dd27aedf87832395faccaa063d6ec05055bb
data/base_04/metadata.yaml,424,c76436eeb41167052f017aebfea29cfd11e711e8bde9a2d1b2dcb4d648d53bf5
data/base_04/raw.csv,43584741,14539fa8e185a53e97f13936716472243570e310dfb8569495fd0f7bb24f56cf
data/base_05/auditoria_taxas_base5.md,4593,dfbfcbe56f155d369b9c0011455a33f6637b57168db4827e3ac406a5df7233d8
data/base_05/catalogo_features_base5.csv,5566,3d89e9bf0f9fe27f740ac2ec6e2c195568a337ae62c02476cf6be5891faf696d
data/base_05/dicionario_variavel_externas_base5.md,3793,b649ae7614d2a51b929936a751f104ef70f5bd729abf770fcd3ff77de7b1a50c
data/base_05/disponibilidade_covariaveis_base5.csv,423,fe9fdf71c24f8aeed711c776e874721cfe73d396acfe29f6a4d32781a91d28ad
data/base_05/documentacao_base5.md,8963,c09e69e4aecac4cbfbcacc96de33a113a2bea5f2d3d9e1e334fa9dabf4f0cf34
data/base_05/metadata.yaml,466,920c2e380d9c7a1741459383198e215cb37c9969a034d2e607a5ee287e4a5b5e
data/base_05/raw.csv,1537922,c852759b32f534918f76f9c3a31342228bf0bbc8a61fc5a26a63e61bf93ee64f
data/dicionario_variaveis_externas.md,18575,10c666c351ee08ad17cbaffa1fb6c918b320a29992654534db2d4252f8c9397b
docs/atividade/divisao_tarefas_series_temporais_6_pessoas_revisada.md,22897,4f61974a7705d8d4c906abed4a5e7c77d0d5ef1bd903df1f53ebed126a0c9f6c
docs/atividade/n2_series_temporais.pdf,210862,62b4ccb504fe5ba148b55b24c2814816d140a9aa68d684f653ad9d33c607dfd1
docs/decisoes.md,31541,7a7e4edff3a07b1abde12322350ddd8a7bd885e9ccab39e227ac12fd6c862fce
docs/modelo_xgboost.md,16339,12ce4ddb2849a08a7482c8df918402db69c20405b21e829be8e00007a055472a
docs/relatorio/modelo.html,722338,c7fcc394f7ae3d28b0c98c42a8acd1b33bd4fd9a9c98d0092a154facbc03f249
docs/relatorio/v2-audit.css,1454,556ea7db93455044400f213cab86f99d745b00c34af6eb19ed15ddb3e9a487ff
docs/relatorio/v2-audit.js,33545,289e5fa0a7f00e9f0f81b95a2a86f7e946245e7ddc49062890d0d9c5cc1ddbcb
docs/relatorio/v2.css,7673,46df234d510423ca1a231d4dc508159244309fc62b718346235d6fa8e8687780
docs/relatorio/v2.js,6228,3271423aa8f53c69edf9085b69c6ce6bc890ad9803da9f0e88f9779fc2f5304d
docs/sarimax_bases_1_2.md,1986,297a38452d7be68e6aaaebfa66481c5c02a98039a2b83d68d3923e50eeb29b16
docs/triagem_sem_reexecucao.md,6074,4617dd469d6c800ee185a2493a748768174c1c11a9be0236b31ced70b023b869
documentacao_entrega/README.md,2087,5412ae1659ce95c935338aab2bc1cbbe2843eead68315623d6829804e2ddd0b3
documentacao_entrega/conceito_walk_forward.md,2675,136aae9e52949dc103ca1b5ebda040718338d721e6a05e9edb14d969bb3a3e5c
notebooks/base_01-feature_engineering_base1.ipynb,22002,318390fa07469e67c8924d2674e0e87fd7bacfbdd8ac0388bf19e56d5e4983d4
notebooks/base_01-graficos_exploratorios_stl_sazonalidade_base1.ipynb,773063,b2e51c2b851a757448d4af919e73f40abc5a825fa099cc7c6e5af05733da892a
notebooks/base_01-grupo1_HW.ipynb,198837,915422827c77ef61d5f19473a7734f11c3483d510ad37ca4eda9e34aeb3fa366
notebooks/base_01-grupo1_RF.ipynb,1194018,89ee506d4ddcb6a1765a75c51054eb4baa58ea59aa3f01fe4d4e9417fefd4af5
notebooks/base_01-grupo1_SARIMAX.ipynb,838696,36728e6f2b58fa474be092f0f563277bab12845675280425ecf45501f87e267f
notebooks/base_01-grupo1_XGBoost.ipynb,266073,6f93417003e3610e16631350953bdf0e3565b9763741675df45d27186c2afca8
notebooks/base_01-limpeza_preparacao_base1.ipynb,6073,25ff6aa4f7bc9f47ebe482762c7c4799a371a0b1ba79f7b1e707103e8b0b12e5
notebooks/base_02-feature_engineering_base2.ipynb,24293,a566cf2670c6b20d3d7c71a0269123fc32cd35cea6784f6c9c14f7b5f5c1aba6
notebooks/base_02-graficos_exploratorios_stl_sazonalidade_base2.ipynb,1262096,2b22ea40b74d0694e41d03fd41e4713bbfa5dd5b2f8a89b2374ab8773fe20dea
notebooks/base_02-grupo2_HW.ipynb,209930,36e1d06f1a1f49d0a0a53916c6e8f8000dc891584b1672d7514184e26d277f1d
notebooks/base_02-grupo2_RF.ipynb,1386091,85cffb3214ac86368b7dc35a109bd41b7cb698405d998dc39ae45bd6bad43fee
notebooks/base_02-grupo2_SARIMAX.ipynb,996077,87008573ba5ac595aaeb098ea545ca3287b1a87ba1f654fd4edfdac36f6d3d7f
notebooks/base_02-grupo2_XGBoost.ipynb,280668,ba22037e08dcf4606b398128bfc70fd683c0425cd310635aa54bdc81401653f3
notebooks/base_02-limpeza_preparacao_base2.ipynb,6509,c4c6081fd697ad47424405c324028937471125b8116c1cd8a4f1fbeeafc93d00
notebooks/base_03-feature_engineering_base3.ipynb,25847,ba9f9df67d0624c97c2fbec7f25833e84b250d5b08be629b48578d9b20527009
notebooks/base_03-graficos_exploratorios_stl_sazonalidade_base3.ipynb,548751,2b8c478864b7297e06bf8eec4d3c7285eb025c116d17b1266af4d96e9e606580
notebooks/base_03-grupo3_HW.ipynb,198522,0d57f41714201828f733eedbd51ac5322c6d047d7d7c02a6bac9147041b472a0
notebooks/base_03-grupo3_RF.ipynb,1223257,a7fb4c6565b98a28228ab06218c90178540a20e6c10bd0623fa1cef65d836b68
notebooks/base_03-grupo3_SARIMAX.ipynb,862555,4109895a2ebfc01afcd30bfafff5bb96163c22f8abf51f1d8901d77db07d0b62
notebooks/base_03-grupo3_XGBoost.ipynb,255082,80d12f87a064fba92e1d36994b03352c9faa9233805b365bf76b33e9aed41249
notebooks/base_03-limpeza_preparacao_base3.ipynb,38220,a32bbcff7a2c8f07767e2c021382ea31ce4a2e966a52a267b89e63323b13062c
notebooks/base_04-feature_engineering_base4.ipynb,26906,e3c465e1737fdc917774d8137e4504cabcfb5bb2937046999beccda3e5b605e2
notebooks/base_04-graficos_exploratorios_stl_sazonalidade_base4.ipynb,531837,60849477db8ee777511c08c3547358972544f7400197003ac5d3ebf0d92e2b77
notebooks/base_04-grupo4_HW.ipynb,167632,6e029c8e7b716fb91869c9e620728e953a483ef9bab7dac14902ca8ccd876cc7
notebooks/base_04-grupo4_RF.ipynb,1217809,2b23fd8b93321fdce4aacebd09ed745406b1e6ab0c3c535b438bf80aedde9446
notebooks/base_04-grupo4_SARIMAX.ipynb,817052,f6415bf0c6fd28eedc1e018b9fd3331ef3dd365268c11e80bf4727b6a912e7b6
notebooks/base_04-grupo4_XGBoost.ipynb,322949,0699a9bb8a3bbee402149021a7dd1922d6e6eee3d902d4d97c03ff35abeef83d
notebooks/base_04-limpeza_preparacao_base4.ipynb,35003,d3f4994ab7c73bfd62e442743b9011a7cc3d1489f08cca3236fd1049f87cc946
notebooks/base_05-eda_preparacao_base_5_ouro.ipynb,529081,edc7027c1afa4f521f66c22e8de1443b3a71f741226b30d65a33d2f003a83fff
notebooks/base_05-feature_engineering_base5.ipynb,23772,8e256d1e21ebec0780e3eb3f33045ddef882aae8ac0acca42909692d28738056
notebooks/base_05-graficos_exploratorios_base5.ipynb,394527,13a01c9a14d0d5c8c3a7249e127a1bed36f68dec7e9a7c2d0ea62221169d06f2
notebooks/base_05-grupo5_HW.ipynb,1433233,3e983fde434ef41d04d3ba7ac4b83caebaf131e7509577864c5f64816a43ce41
notebooks/base_05-grupo5_RF_preco.ipynb,1320587,eca3f8c699dc4b3a68b5ac3f0ff2cc9f264b8fb68ced86260bbd5cf820061437
notebooks/base_05-grupo5_RF_retorno.ipynb,1401714,184ab411014d1e3f1f4df00b879e2aac73efbf31e8974031ce7bb62ce95a4fa6
notebooks/base_05-grupo5_SARIMAX.ipynb,784766,0522fcf147d432fe075ca82961d2386e8b3974e455d7ba24c335b823b4ebb245
notebooks/base_05-grupo5_XGBoost.ipynb,278793,7c28f6cf1ada223a85af291a62f90f5c61e0cf02eae5fd4e5b0f848dc9602206
projeto.yaml,1634,ee23df0bb93333a74e979afe9e7fcf74a5ee8fd946b3d6663f61d5d6e186882c
pyproject.toml,407,f091b62a4e1c6700c18c399d49887d7fe0a863ab83d88f4a42259e22b35f11c8
relatorio_v2.html,4671052,78b4021def212ba8b3a8bdc386c27af288d98fb89be514d4b745a33bd8bbe2dd
relatorio_v2.pdf,3360582,253e70f7cb24c85baf527854fe6dd2b19900dba91077d92527c411491d1b9e49
requirements.txt,117,dc43e2cda8786527330d2da809eeb9eb8c2a907f2de1030cfae9abe7fd184fb9
results/README.md,3320,1d09dc738570dd837aa84d8b63f23eca60cb2baba06a5cc0404da53165b9c1f1
results/achados_auditoria.json,1247,d2c0694ebfbfd9072d2b3f1ba9db966ac61badd1561ee6a3774022e7e46a6ce2
results/comparacao_pareada_hw_sarimax.csv,535,98a0eaf750c3de3562808ae881d44633d16dbab888d91e23222fa679b7136c58
results/extraidos_do_remoto/base_01__sarimax_final_audit.json,412,f53d3170f6db9edcf94f0c0a7a72fbe21c3e4cd0b8f618e65d293fda6c2f0612
results/extraidos_do_remoto/base_02__sarimax_final_audit.json,413,df2eab734445daf6049b7425bfde9a340c81e4bf840a7e9f210bdeaea85adb91
results/extraidos_do_remoto/base_03__sarimax_final_audit.json,447,9a511699447227a0e187b0e841a64b6e1b672f9d5a247bd41c1314ac8aa00d4a
results/extraidos_do_remoto/base_05__sarimax_final_audit.json,404,28e9c4c909343f56ec411578e1cb2f308784c8724b106545c45a8e7dd801e4e4
results/extraidos_do_remoto/random_forest_metrics.csv,624,c7d53b27168d52581b9fe3aa2994c11c4aa12ac0a9ddbaff66a2298bf2de5ca8
results/ljung_box_auditado.csv,7489,111961ac5c93788d9cbd5a11c1e6a49f7bfc5df8b6d03a17496a637cff3348a4
results/metricas_individuais_auditadas.csv,2051,a08265ca932669a294b83827ae2cea79b87727513dc099fb33d1781784a52f7a
results/metrics.csv,3057,e02b036b63be114f1555f68d7b38e7dab7eb30c1b5cd06d1b1fdeaa3a02c9f8a
scripts/extract_remote_rf_metrics.py,2125,acb6e604d1115aed8c0a2f1459a498548af708ce1cbfcbd24058a323cd6c7792
scripts/preparar_pacote_entrega.py,680,1e0e823fc5f1f1dad9743c190e19bcbb1d289a2428de82a390d292fae0cf88cd
scripts/run_frozen_sarimax_final.py,12029,98886e7d1955d564ed40a34c70b3ec73b28bf30885f3c325603910914b665acb
src/series_temporais/__init__.py,69,2e6ef5927297fc4451246423d2e34b0c72b879981dfae38095ad83d54a13c47b
src/series_temporais/data/__init__.py,535,2b4b6de09b8abf279626bdfb664f890e674c3f2c5eaf068c236899041c9b78bd
src/series_temporais/data/preparacao_base5.py,9387,2b4148ed615fd64318b31bd0272aeccf7cb6d29b7d258cbbf4503121cfb7ded6
src/series_temporais/data/preparacao_bases_1_2.py,4765,1cc7f52391d148468917b5822588e8d9db26289e3b14f356fe215e8933c7267a
src/series_temporais/features/__init__.py,911,4c1b86f1959d59280c36a78dd75702225bdada16eb6b8c09536ed7d140a3ed29
src/series_temporais/features/regras_bases.py,10430,0fc27f8bffdd191a4232b002a8ca2cdc296d184051f30dd204cd56228463b439
src/series_temporais/features/temporal.py,13136,aa6a4a669e2ad1d89cc6cad2a65f178961912acbecb9247a6c1c1c219ea5a75a
src/series_temporais/notebook_metrics.py,881,ce54f923ec0a9379995e77a97cb500c426f7821447ef9b9f806d6b90317dc003
src/series_temporais/paths.py,1171,de00bd2b6c32fdae386467ad3c81720a39737d7046d7a1f549a2059c41aa679c
src/series_temporais/reporting/__init__.py,66,f8691ea6a419b665afbe3cb1ecd6be9d0f0a5ef8343c8f793bf6378677a4969e
src/series_temporais/reporting/comparacao_pareada.py,2939,f46301011386cf8852836cf2126658caaf0246e8a6942b8eebc439bdfcacd36c
src/series_temporais/reporting/evidencias_relatorio.py,10186,15d86f92d884ed2ce9ab47003f22647b49be67aeec62f3c66e56b10462a3403c
src/series_temporais/reporting/gerar_relatorio.py,1025,1c1726842064fed6bef9ab4445f50be453fe2847850ebaef566af5a495509f0a
src/series_temporais/reporting/gerar_relatorio_v2.py,5400,28b8a9fe6810a15efce577f28def3183179e128e1eb44a10c8db6153f5169b2e
src/series_temporais/reporting/graficos_exploratorios.py,3785,50aa1e9624e547c04e2e6e827fab5ee5eed0c4a820c878ec10d4bf8fcf9ab01f
src/series_temporais/reporting/importancias.py,1518,e10a5221053c20bbb2a133b205f09e89f93034468aba432646345dae12764be7
src/series_temporais/reporting/metricas_xgboost.py,8866,ceb2cd08d8b2d8d1939314e2ab2748e2da55486b1cce5468f58714d8785754fe
src/series_temporais/reporting/preparar_pacote.py,5074,ca8d37d2ae83938dab8c63846a99fdb1d7fca1cb2c0d256602c9c5eeb1ae25de
src/series_temporais/reporting/residuos.py,5677,3f9970b0625632d5485df28179b0b127ac150571b0028d59b9514c002cd6e427
src/series_temporais/results.py,1757,35f364211ce7e3b4641e04dd2e431e55625850d21722b17d4b5e9881256cb070
src/series_temporais/validation/__init__.py,472,64bf5f17ff2d2821ee6c36f000e9ca79b4b2d8881fb78b4739a8e38885b93a4d
src/series_temporais/validation/checkpoints.py,2823,347373e341288936639a01da893ebb6784a08d3120edbf10c12b3b53fe5cdd32
src/series_temporais/validation/temporal_split.py,2077,40708a129c8db9d1529bf2fee3f22b97499dd30a94b89f83809b109fe44025b1
src/series_temporais/validation/walk_forward.py,8707,ff40db421268ac17746320e120fde79f43f86ef51e3b9e7e14bfb9795ce662b1
tests/test_base5_contract.py,3405,e7605c9be80492bad0504decf4639f9d76f57eab40115f40d57ac946c8f48997
tests/test_checkpoints.py,4656,615ca7f7b5f35368cf0911e65607fb92d5522f236cc8aa21263601bf81a4dd8e
tests/test_comparacao_pareada.py,1523,abc2e4cdfa9d5ef81213c107c8fc89bc7a8be4b2d72e568181289c53e0cd049a
tests/test_documentacao_xgboost.py,2713,2fa036ad8395f0917fc6d98b66814327ebf088f4ef05c73aac50fca5f5a54fc6
tests/test_evidencias_relatorio.py,2455,185dca9d04c35448927b237302aabd1f10cefdc07bdbf6414c74e211f947ca37
tests/test_importancias.py,1558,dbd14a0a63e91e22ecb5b36b58393859c848f7e0e35fb7904703a90a606a5ead
tests/test_metricas_xgboost.py,7093,15d4e1ffa2e46c61407510e58f4a20fba334f476dc08a8bd784fc3229ab3b77b
tests/test_notebook_metrics.py,445,6765091e57e820e518f9963d9d39f2923aa0402b59db268e77a83315df60f00a
tests/test_periodic_xgboost.py,3533,791c3571f0b6d6e24148d5a2c03b847c8f44a77dc80ac204b89179e0843ca981
tests/test_preparacao_base5.py,2238,80cf5bd4df052b9dc67dfeb236b60242f55e3cd8a3398553c2103836299452d4
tests/test_preparacao_bases_1_2.py,1907,6f8da39d09cfdfad3b680814c7fc1a8bc642f2f46ada6a35eeb2ad586ffad7c2
tests/test_preparar_pacote.py,1322,f057d4bbc449b182be82166f9eedefe7d59d8a37f69d0dc1fa9e7d45ca15d442
tests/test_residuos.py,6128,e0648384cdb9353659999e6d4054d79aac8f4426a2728ec41cc5d1febdcabf10
tests/test_results.py,842,62e000778d86ccca69f2301a94fd47cd599a53683b5b1cbe81bc6c112afa2c8d
tests/test_run_frozen_sarimax_final.py,3829,8e608cbd851c794f02071a350f4f51a88135d1a5eb37a646026c0f9fb15dad25
tests/test_structure.py,1985,8f7e96e225b2e9e14ffa0f700fa991651a1443b6f26b331df87d3c2e99d6be16
tests/test_walk_forward.py,5221,52a874217cf3344f092f1ba50db403da4d1c05d873f8e1c035640babb5e08810
tests/test_walk_forward_notebooks.py,5240,636848abea93ac77bbd4bab6d983fcb2b758c7d6ac66d580eb5ed70000a767fc
tests/test_xgboost_notebooks.py,2598,d664e3fdd703b0432e0a7c44f99b4dc049ab2323f3290dedab1bf3ba55685c89
