base_id,modelo,origin_time,target_time,y_true,y_pred,training_target_cutoff,residual
base_01,sarimax,2022-06-08,2022-06-09,30111.998046875,30214.48157470125,2022-06-08,-102.48352782625079
base_01,sarimax,2022-06-09,2022-06-10,29083.8046875,30112.522571878715,2022-06-09,-1028.717884378715
base_01,sarimax,2022-06-10,2022-06-11,28360.810546875,29083.808326076807,2022-06-10,-722.9977792018071
base_01,sarimax,2022-06-11,2022-06-12,26762.6484375,28360.82093069413,2022-06-11,-1598.1724931941317
base_01,sarimax,2022-06-12,2022-06-13,22487.388671875,26762.01996201157,2022-06-12,-4274.631290136571
base_01,sarimax,2022-06-13,2022-06-14,22206.79296875,22483.203999400226,2022-06-13,-276.41103065022617
base_01,sarimax,2022-06-14,2022-06-15,22572.83984375,22194.876106808548,2022-06-14,377.9637369414522
base_01,sarimax,2022-06-15,2022-06-16,20381.650390625,22572.27529636916,2022-06-15,-2190.62490574416
base_01,sarimax,2022-06-16,2022-06-17,20471.482421875,20382.516683638456,2022-06-16,88.96573823654398
base_01,sarimax,2022-06-17,2022-06-18,19017.642578125,20466.443025161174,2022-06-17,-1448.8004470361739
base_01,sarimax,2022-06-18,2022-06-19,20553.271484375,19017.995512132937,2022-06-18,1535.2759722420633
base_01,sarimax,2022-06-19,2022-06-20,20599.537109375,20547.305373009636,2022-06-19,52.23173636536376
base_01,sarimax,2022-06-20,2022-06-21,20710.59765625,20605.739444230992,2022-06-20,104.85821201900762
base_01,sarimax,2022-06-21,2022-06-22,19987.029296875,20710.766462362997,2022-06-21,-723.7371654879971
base_01,sarimax,2022-06-22,2022-06-23,21085.876953125,19987.543420028305,2022-06-22,1098.3335330966947
base_01,sarimax,2022-06-23,2022-06-24,21231.65625,21082.836969269956,2022-06-23,148.81928073004383
base_01,sarimax,2022-06-24,2022-06-25,21502.337890625,21236.20383243823,2022-06-24,266.13405818676983
base_01,sarimax,2022-06-25,2022-06-26,21027.294921875,21502.975585876677,2022-06-25,-475.68066400167663
base_01,sarimax,2022-06-26,2022-06-27,20735.478515625,21028.41032590449,2022-06-26,-292.9318102794896
base_01,sarimax,2022-06-27,2022-06-28,20280.634765625,20733.51911551235,2022-06-27,-452.88434988735025
base_01,sarimax,2022-06-28,2022-06-29,20104.0234375,20279.354454095686,2022-06-28,-175.33101659568638
base_01,sarimax,2022-06-29,2022-06-30,19784.7265625,20102.067385200535,2022-06-29,-317.3408227005348
base_01,sarimax,2022-06-30,2022-07-01,19269.3671875,19783.962597950984,2022-06-30,-514.5954104509838
base_01,sarimax,2022-07-01,2022-07-02,19242.255859375,19268.08129639675,2022-07-01,-25.825437021750986
base_01,sarimax,2022-07-02,2022-07-03,19297.076171875,19239.806698892397,2022-07-02,57.269472982603475
base_01,sarimax,2022-07-03,2022-07-04,20231.26171875,19296.930326937487,2022-07-03,934.3313918125132
base_01,sarimax,2022-07-04,2022-07-05,20190.115234375,20231.507753259855,2022-07-04,-41.392518884855235
base_01,sarimax,2022-07-05,2022-07-06,20548.24609375,20194.23294010597,2022-07-05,354.01315364403126
base_01,sarimax,2022-07-06,2022-07-07,21637.587890625,20548.10432021432,2022-07-06,1089.4835704106808
base_01,sarimax,2022-07-07,2022-07-08,21731.1171875,21639.210804284496,2022-07-07,91.90638321550432
base_01,sarimax,2022-07-08,2022-07-09,21592.20703125,21736.141567384704,2022-07-08,-143.9345361347041
base_01,sarimax,2022-07-09,2022-07-10,20860.44921875,21592.567822923877,2022-07-09,-732.1186041738765
base_01,sarimax,2022-07-10,2022-07-11,19970.556640625,20859.883699693328,2022-07-10,-889.3270590683278
base_01,sarimax,2022-07-11,2022-07-12,19323.9140625,19967.208447051347,2022-07-11,-643.2943845513473
base_01,sarimax,2022-07-12,2022-07-13,20212.07421875,19319.63774475872,2022-07-12,892.4364739912817
base_01,sarimax,2022-07-13,2022-07-14,20569.919921875,20209.246706821483,2022-07-13,360.6732150535172
base_01,sarimax,2022-07-14,2022-07-15,20836.328125,20573.69477697547,2022-07-14,262.6333480245303
base_01,sarimax,2022-07-15,2022-07-16,21190.31640625,20837.914906351994,2022-07-15,352.40149989800557
base_01,sarimax,2022-07-16,2022-07-17,20779.34375,21191.479006315174,2022-07-16,-412.13525631517405
base_01,sarimax,2022-07-17,2022-07-18,22485.689453125,20780.93107265926,2022-07-17,1704.7583804657406
base_01,sarimax,2022-07-18,2022-07-19,23389.43359375,22483.736866814907,2022-07-18,905.6967269350935
base_01,sarimax,2022-07-19,2022-07-20,23231.732421875,23397.094698779434,2022-07-19,-165.3622769044341
base_01,sarimax,2022-07-20,2022-07-21,23164.62890625,23235.783602054707,2022-07-20,-71.15469580470744
base_01,sarimax,2022-07-21,2022-07-22,22714.978515625,23163.936870256373,2022-07-21,-448.95835463137337
base_01,sarimax,2022-07-22,2022-07-23,22465.478515625,22714.674242857476,2022-07-22,-249.1957272324762
base_01,sarimax,2022-07-23,2022-07-24,22609.1640625,22463.4730612008,2022-07-23,145.69100129920116
base_01,sarimax,2022-07-24,2022-07-25,21361.701171875,22608.11244411098,2022-07-24,-1246.4112722359787
base_01,sarimax,2022-07-25,2022-07-26,21239.75390625,21362.340747373604,2022-07-25,-122.58684112360424
base_01,sarimax,2022-07-26,2022-07-27,22930.548828125,21234.160958480865,2022-07-26,1696.3878696441352
base_01,sarimax,2022-07-27,2022-07-28,23843.88671875,22930.153464996973,2022-07-27,913.7332537530274
base_01,sarimax,2022-07-28,2022-07-29,23804.6328125,23849.501995913357,2022-07-28,-44.86918341335695
base_01,sarimax,2022-07-29,2022-07-30,23656.20703125,23807.609878839783,2022-07-29,-151.40284758978305
base_01,sarimax,2022-07-30,2022-07-31,23336.896484375,23656.051675314266,2022-07-30,-319.1551909392656
base_01,sarimax,2022-07-31,2022-08-01,23314.19921875,23336.43065267438,2022-07-31,-22.231433924378507
base_01,sarimax,2022-08-01,2022-08-02,22978.1171875,23313.183807363403,2022-08-01,-335.0666198634026
base_01,sarimax,2022-08-02,2022-08-03,22846.5078125,22978.024521389198,2022-08-02,-131.51670888919762
base_01,sarimax,2022-08-03,2022-08-04,22630.95703125,22845.429735053895,2022-08-03,-214.47270380389455
base_01,sarimax,2022-08-04,2022-08-05,23289.314453125,22630.515798083623,2022-08-04,658.7986550413771
base_01,sarimax,2022-08-05,2022-08-06,22961.279296875,23288.594697401488,2022-08-05,-327.3154005264878
base_01,sarimax,2022-08-06,2022-08-07,23175.890625,22963.488942055315,2022-08-06,212.40168294468458
base_01,sarimax,2022-08-07,2022-08-08,23809.486328125,23174.781523800437,2022-08-07,634.7048043245632
base_01,sarimax,2022-08-08,2022-08-09,23164.318359375,23810.193102867,2022-08-08,-645.8747434920006
base_01,sarimax,2022-08-09,2022-08-10,23947.642578125,23166.33909674972,2022-08-09,781.3034813752784
base_01,sarimax,2022-08-10,2022-08-11,23957.529296875,23945.39854397846,2022-08-10,12.130752896540798
base_01,sarimax,2022-08-11,2022-08-12,24402.818359375,23960.229657814933,2022-08-11,442.5887015600674
base_01,sarimax,2022-08-12,2022-08-13,24424.068359375,24402.850601556773,2022-08-12,21.217757818227255
base_01,sarimax,2022-08-13,2022-08-14,24319.333984375,24425.696070368558,2022-08-13,-106.36208599355814
base_01,sarimax,2022-08-14,2022-08-15,24136.97265625,24319.43111939764,2022-08-14,-182.45846314763912
base_01,sarimax,2022-08-15,2022-08-16,23883.291015625,24136.570669492547,2022-08-15,-253.27965386754659
base_01,sarimax,2022-08-16,2022-08-17,23335.998046875,23882.593889515472,2022-08-16,-546.5958426404723
base_01,sarimax,2022-08-17,2022-08-18,23212.73828125,23335.092014770245,2022-08-17,-122.35373352024544
base_01,sarimax,2022-08-18,2022-08-19,20877.552734375,23210.73021423372,2022-08-18,-2333.177479858721
base_01,sarimax,2022-08-19,2022-08-20,21166.060546875,20876.994837911705,2022-08-19,289.06570896329504
base_01,sarimax,2022-08-20,2022-08-21,21534.12109375,21155.883638020823,2022-08-20,378.2374557291769
base_01,sarimax,2022-08-21,2022-08-22,21398.908203125,21535.2367788395,2022-08-21,-136.32857571449858
base_01,sarimax,2022-08-22,2022-08-23,21528.087890625,21400.333670154352,2022-08-22,127.75422047064785
base_01,sarimax,2022-08-23,2022-08-24,21395.01953125,21527.58130817636,2022-08-23,-132.56177692635902
base_01,sarimax,2022-08-24,2022-08-25,21600.904296875,21395.50780879864,2022-08-24,205.39648807635967
base_01,sarimax,2022-08-25,2022-08-26,20260.01953125,21600.39248172621,2022-08-25,-1340.3729504762086
base_01,sarimax,2022-08-26,2022-08-27,20041.73828125,20260.818471226532,2022-08-26,-219.08018997653198
base_01,sarimax,2022-08-27,2022-08-28,19616.814453125,20036.434813717307,2022-08-27,-419.6203605923074
base_01,sarimax,2022-08-28,2022-08-29,20297.994140625,19615.868340469486,2022-08-28,682.1258001555143
base_01,sarimax,2022-08-29,2022-08-30,19796.80859375,20296.20851278103,2022-08-29,-499.39991903103146
base_01,sarimax,2022-08-30,2022-08-31,20049.763671875,19799.750878397263,2022-08-30,250.01279347773743
base_01,sarimax,2022-08-31,2022-09-01,20127.140625,20047.570260459244,2022-08-31,79.57036454075569
base_01,sarimax,2022-09-01,2022-09-02,19969.771484375,20128.238228355465,2022-09-01,-158.46674398046525
base_01,sarimax,2022-09-02,2022-09-03,19832.087890625,19970.100474766783,2022-09-02,-138.012584141783
base_01,sarimax,2022-09-03,2022-09-04,19986.712890625,19831.4080998243,2022-09-03,155.30479080069927
base_01,sarimax,2022-09-04,2022-09-05,19812.37109375,19986.11793758124,2022-09-04,-173.74684383123895
base_01,sarimax,2022-09-05,2022-09-06,18837.66796875,19813.05069667643,2022-09-05,-975.3827279264297
base_01,sarimax,2022-09-06,2022-09-07,19290.32421875,18836.941064183393,2022-09-06,453.3831545666071
base_01,sarimax,2022-09-07,2022-09-08,19329.833984375,19286.182505210018,2022-09-07,43.65147916498245
base_01,sarimax,2022-09-08,2022-09-09,21381.15234375,19331.735042947596,2022-09-08,2049.4173008024045
base_01,sarimax,2022-09-09,2022-09-10,21680.5390625,21381.330919995235,2022-09-09,299.2081425047654
base_01,sarimax,2022-09-10,2022-09-11,21769.255859375,21690.16575548869,2022-09-10,79.0901038863085
base_01,sarimax,2022-09-11,2022-09-12,22370.44921875,21770.698889400122,2022-09-11,599.7503293498776
base_01,sarimax,2022-09-12,2022-09-13,20296.70703125,22370.894559259108,2022-09-12,-2074.187528009108
base_01,sarimax,2022-09-13,2022-09-14,20241.08984375,20299.580923808844,2022-09-13,-58.49108005884409
base_01,sarimax,2022-09-14,2022-09-15,19701.2109375,20230.639265487054,2022-09-14,-529.4283279870542
base_01,sarimax,2022-09-15,2022-09-16,19772.583984375,19701.52090999514,2022-09-15,71.06307437986106
base_01,sarimax,2022-09-16,2022-09-17,20127.576171875,19769.69280578521,2022-09-16,357.8833660897908
base_01,sarimax,2022-09-17,2022-09-18,19419.505859375,20127.959711397685,2022-09-17,-708.4538520226852
base_01,sarimax,2022-09-18,2022-09-19,19544.12890625,19421.348120370953,2022-09-18,122.78078587904747
base_01,sarimax,2022-09-19,2022-09-20,18890.7890625,19540.397572611808,2022-09-19,-649.6085101118078
base_01,sarimax,2022-09-20,2022-09-21,18547.400390625,18891.48628169794,2022-09-20,-344.0858910729403
base_01,sarimax,2022-09-21,2022-09-22,19413.55078125,18543.823784769083,2022-09-21,869.7269964809166
base_01,sarimax,2022-09-22,2022-09-23,19297.638671875,19411.695139737385,2022-09-22,-114.05646786238503
base_01,sarimax,2022-09-23,2022-09-24,18937.01171875,19302.208886684537,2022-09-23,-365.197167934537
base_01,sarimax,2022-09-24,2022-09-25,18802.09765625,18936.430226072687,2022-09-24,-134.33256982268722
base_01,sarimax,2022-09-25,2022-09-26,19222.671875,18800.27740556469,2022-09-25,422.39446943530857
base_01,sarimax,2022-09-26,2022-09-27,19110.546875,19222.011839157036,2022-09-26,-111.46496415703587
base_01,sarimax,2022-09-27,2022-09-28,19426.720703125,19112.62592934542,2022-09-27,314.09477377957955
base_01,sarimax,2022-09-28,2022-09-29,19573.05078125,19426.129523417414,2022-09-28,146.92125783258598
base_01,sarimax,2022-09-29,2022-09-30,19431.7890625,19574.671847401885,2022-09-29,-142.88278490188532
base_01,sarimax,2022-09-30,2022-10-01,19312.095703125,19432.51881365528,2022-09-30,-120.42311053027879
base_01,sarimax,2022-10-01,2022-10-02,19044.107421875,19311.383936660688,2022-10-01,-267.27651478568805
base_01,sarimax,2022-10-02,2022-10-03,19623.580078125,19043.50864085932,2022-10-02,580.0714372656803
base_01,sarimax,2022-10-03,2022-10-04,20336.84375,19622.245321035625,2022-10-03,714.5984289643748
base_01,sarimax,2022-10-04,2022-10-05,20160.716796875,20339.67425108232,2022-10-04,-178.95745420732055
base_01,sarimax,2022-10-05,2022-10-06,19955.443359375,20164.157247530802,2022-10-05,-208.71388815580212
base_01,sarimax,2022-10-06,2022-10-07,19546.849609375,19954.61244448575,2022-10-06,-407.7628351107487
base_01,sarimax,2022-10-07,2022-10-08,19416.568359375,19545.878743286754,2022-10-07,-129.3103839117539
base_01,sarimax,2022-10-08,2022-10-09,19446.42578125,19414.593211404594,2022-10-08,31.832569845406397
base_01,sarimax,2022-10-09,2022-10-10,19141.484375,19445.805469200914,2022-10-09,-304.32109420091365
base_01,sarimax,2022-10-10,2022-10-11,19051.41796875,19141.624279920165,2022-10-10,-90.20631117016455
base_01,sarimax,2022-10-11,2022-10-12,19157.4453125,19049.937627006275,2022-10-11,107.50768549372515
base_01,sarimax,2022-10-12,2022-10-13,19382.904296875,19157.029423573196,2022-10-12,225.87487330180375
base_01,sarimax,2022-10-13,2022-10-14,19185.65625,19383.40377067994,2022-10-13,-197.74752067993904
base_01,sarimax,2022-10-14,2022-10-15,19067.634765625,19186.73379668155,2022-10-14,-119.0990310565503
base_01,sarimax,2022-10-15,2022-10-16,19268.09375,19066.69600608466,2022-10-15,201.39774391533865
base_01,sarimax,2022-10-16,2022-10-17,19550.7578125,19267.5411739846,2022-10-16,283.2166385154014
base_01,sarimax,2022-10-17,2022-10-18,19334.416015625,19551.701150367684,2022-10-17,-217.28513474268402
base_01,sarimax,2022-10-18,2022-10-19,19139.53515625,19335.74157520317,2022-10-18,-196.2064189531702
base_01,sarimax,2022-10-19,2022-10-20,19053.740234375,19138.524481354536,2022-10-19,-84.78424697953596
base_01,sarimax,2022-10-20,2022-10-21,19172.46875,19052.818024789878,2022-10-20,119.65072521012189
base_01,sarimax,2022-10-21,2022-10-22,19208.189453125,19172.07231305916,2022-10-21,36.11714006583861
base_01,sarimax,2022-10-22,2022-10-23,19567.0078125,19208.748020226118,2022-10-22,358.25979227388234
base_01,sarimax,2022-10-23,2022-10-24,19345.572265625,19567.17366489343,2022-10-23,-221.60139926843112
base_01,sarimax,2022-10-24,2022-10-25,20095.857421875,19347.253265203643,2022-10-24,748.6041566713575
base_01,sarimax,2022-10-25,2022-10-26,20770.44140625,20094.777651106855,2022-10-25,675.663755143145
base_01,sarimax,2022-10-26,2022-10-27,20285.8359375,20773.977049565925,2022-10-26,-488.141112065925
base_01,sarimax,2022-10-27,2022-10-28,20595.3515625,20288.93818290173,2022-10-27,306.4133795982707
base_01,sarimax,2022-10-28,2022-10-29,20818.4765625,20593.088486659297,2022-10-28,225.3880758407031
base_01,sarimax,2022-10-29,2022-10-30,20635.603515625,20819.892603439173,2022-10-29,-184.2890878141734
base_01,sarimax,2022-10-30,2022-10-31,20495.7734375,20636.62445702008,2022-10-30,-140.85101952007972
base_01,sarimax,2022-10-31,2022-11-01,20485.2734375,20494.928969575678,2022-10-31,-9.655532075677911
base_01,sarimax,2022-11-01,2022-11-02,20159.50390625,20484.63727839906,2022-11-01,-325.13337214905914
base_01,sarimax,2022-11-02,2022-11-03,20209.98828125,20159.449118663073,2022-11-02,50.53916258692698
base_01,sarimax,2022-11-03,2022-11-04,21147.23046875,20208.52448138394,2022-11-03,938.7059873660583
base_01,sarimax,2022-11-04,2022-11-05,21282.69140625,21147.434657466052,2022-11-04,135.25674878394784
base_01,sarimax,2022-11-05,2022-11-06,20926.486328125,21286.842223518994,2022-11-05,-360.3558953939937
base_01,sarimax,2022-11-06,2022-11-07,20602.81640625,20927.085926769265,2022-11-06,-324.2695205192649
base_01,sarimax,2022-11-07,2022-11-08,18541.271484375,20601.290282331156,2022-11-07,-2060.018797956156
base_01,sarimax,2022-11-08,2022-11-09,15880.7802734375,18539.77401778083,2022-11-08,-2658.99374434333
base_01,sarimax,2022-11-09,2022-11-10,17586.771484375,15870.345028290714,2022-11-09,1716.4264560842857
base_01,sarimax,2022-11-10,2022-11-11,17034.29296875,17578.125933625935,2022-11-10,-543.8329648759354
base_01,sarimax,2022-11-11,2022-11-12,16799.185546875,17041.064052642087,2022-11-11,-241.8785057670866
base_01,sarimax,2022-11-12,2022-11-13,16353.365234375,16797.126170829302,2022-11-12,-443.7609364543023
base_01,sarimax,2022-11-13,2022-11-14,16618.19921875,16352.436887115728,2022-11-13,265.7623316342724
base_01,sarimax,2022-11-14,2022-11-15,16884.61328125,16616.470075992383,2022-11-14,268.1432052576165
base_01,sarimax,2022-11-15,2022-11-16,16669.439453125,16885.627193155662,2022-11-15,-216.1877400306621
base_01,sarimax,2022-11-16,2022-11-17,16687.517578125,16670.440370408243,2022-11-16,17.077207716756675
base_01,sarimax,2022-11-17,2022-11-18,16697.77734375,16686.706386708065,2022-11-17,11.07095704193489
base_01,sarimax,2022-11-18,2022-11-19,16711.546875,16697.842950363378,2022-11-18,13.703924636622105
base_01,sarimax,2022-11-19,2022-11-20,16291.83203125,16711.57821075067,2022-11-19,-419.74617950067113
base_01,sarimax,2022-11-20,2022-11-21,15787.2841796875,16291.894657625511,2022-11-20,-504.6104779380112
base_01,sarimax,2022-11-21,2022-11-22,16189.76953125,15785.69636521428,2022-11-21,404.0731660357196
base_01,sarimax,2022-11-22,2022-11-23,16610.70703125,16187.90819363209,2022-11-22,422.79883761790916
base_01,sarimax,2022-11-23,2022-11-24,16604.46484375,16612.18040884843,2022-11-23,-7.715565098431398
base_01,sarimax,2022-11-24,2022-11-25,16521.841796875,16605.947429298187,2022-11-24,-84.10563242318676
base_01,sarimax,2022-11-25,2022-11-26,16464.28125,16521.80858669272,2022-11-25,-57.52733669272129
base_01,sarimax,2022-11-26,2022-11-27,16444.626953125,16463.995141814976,2022-11-26,-19.368188689975796
base_01,sarimax,2022-11-27,2022-11-28,16217.322265625,16444.4223423318,2022-11-27,-227.10007670679988
base_01,sarimax,2022-11-28,2022-11-29,16444.982421875,16217.237734849272,2022-11-28,227.74468702572813
base_01,sarimax,2022-11-29,2022-11-30,17168.56640625,16444.192142310174,2022-11-29,724.374263939826
base_01,sarimax,2022-11-30,2022-12-01,16967.1328125,17169.35181232714,2022-11-30,-202.21899982713876
base_01,sarimax,2022-12-01,2022-12-02,17088.66015625,16969.620238549425,2022-12-01,119.03991770057473
base_01,sarimax,2022-12-02,2022-12-03,16908.236328125,17087.96503838985,2022-12-02,-179.72871026485154
base_01,sarimax,2022-12-03,2022-12-04,17130.486328125,16908.6620120942,2022-12-03,221.82431603080113
base_01,sarimax,2022-12-04,2022-12-05,16974.826171875,17129.845937352206,2022-12-04,-155.0197654772055
base_01,sarimax,2022-12-05,2022-12-06,17089.50390625,16975.606358807123,2022-12-05,113.89754744287711
base_01,sarimax,2022-12-06,2022-12-07,16848.126953125,17088.958779127217,2022-12-06,-240.83182600221699
base_01,sarimax,2022-12-07,2022-12-08,17233.474609375,16848.534536503656,2022-12-07,384.94007287134446
base_01,sarimax,2022-12-08,2022-12-09,17133.15234375,17232.600575668777,2022-12-08,-99.44823191877731
base_01,sarimax,2022-12-09,2022-12-10,17128.724609375,17134.538469377017,2022-12-09,-5.813860002017464
base_01,sarimax,2022-12-10,2022-12-11,17104.193359375,17128.371968449534,2022-12-10,-24.178609074533597
base_01,sarimax,2022-12-11,2022-12-12,17206.4375,17104.177113871392,2022-12-11,102.26038612860793
base_01,sarimax,2022-12-12,2022-12-13,17781.318359375,17206.338955482373,2022-12-12,574.9794038926266
base_01,sarimax,2022-12-13,2022-12-14,17815.650390625,17781.691915327567,2022-12-13,33.958475297433324
base_01,sarimax,2022-12-14,2022-12-15,17364.865234375,17817.72020150081,2022-12-14,-452.8549671258115
base_01,sarimax,2022-12-15,2022-12-16,16647.484375,17364.974512747296,2022-12-15,-717.4901377472961
base_01,sarimax,2022-12-16,2022-12-17,16795.091796875,16645.935519554365,2022-12-16,149.15627732063513
base_01,sarimax,2022-12-17,2022-12-18,16757.9765625,16792.641963749436,2022-12-17,-34.6654012494364
base_01,sarimax,2022-12-18,2022-12-19,16439.6796875,16758.488835257212,2022-12-18,-318.8091477572125
base_01,sarimax,2022-12-19,2022-12-20,16906.3046875,16439.55526634087,2022-12-19,466.74942115912927
base_01,sarimax,2022-12-20,2022-12-21,16817.53515625,16905.2280626563,2022-12-20,-87.69290640630061
base_01,sarimax,2022-12-21,2022-12-22,16830.341796875,16819.112161573445,2022-12-21,11.22963530155539
base_01,sarimax,2022-12-22,2022-12-23,16796.953125,16830.047978496827,2022-12-22,-33.094853496826545
base_01,sarimax,2022-12-23,2022-12-24,16847.755859375,16796.99155816485,2022-12-23,50.764301210150734
base_01,sarimax,2022-12-24,2022-12-25,16841.986328125,16847.644381132093,2022-12-24,-5.658053007093258
base_01,sarimax,2022-12-25,2022-12-26,16919.8046875,16842.15876242658,2022-12-25,77.64592507341877
base_01,sarimax,2022-12-26,2022-12-27,16717.173828125,16919.78674090874,2022-12-26,-202.6129127837412
base_01,sarimax,2022-12-27,2022-12-28,16552.572265625,16717.435419459132,2022-12-27,-164.8631538341324
base_01,sarimax,2022-12-28,2022-12-29,16642.341796875,16551.880701146336,2022-12-28,90.46109572866408
base_01,sarimax,2022-12-29,2022-12-30,16602.5859375,16641.784090428446,2022-12-29,-39.19815292844578
base_01,sarimax,2022-12-30,2022-12-31,16547.49609375,16602.88877406336,2022-12-30,-55.39268031336178
base_01,sarimax,2022-12-31,2023-01-01,16625.080078125,16547.368069671444,2022-12-31,77.71200845355634
base_01,sarimax,2023-01-01,2023-01-02,16688.470703125,16624.89058943924,2023-01-01,63.58011368575899
base_01,sarimax,2023-01-02,2023-01-03,16679.857421875,16688.73425460761,2023-01-02,-8.876832732610637
base_01,sarimax,2023-01-03,2023-01-04,16863.23828125,16680.072524470568,2023-01-03,183.16575677943183
base_01,sarimax,2023-01-04,2023-01-05,16836.736328125,16863.208878795904,2023-01-04,-26.47255067090373
base_01,sarimax,2023-01-05,2023-01-06,16951.96875,16837.3598496109,2023-01-05,114.60890038909929
base_01,sarimax,2023-01-06,2023-01-07,16955.078125,16951.876595704798,2023-01-06,3.201529295201908
base_01,sarimax,2023-01-07,2023-01-08,17091.14453125,16955.472829588827,2023-01-07,135.67170166117285
base_01,sarimax,2023-01-08,2023-01-09,17196.5546875,17091.151473898895,2023-01-08,105.40321360110465
base_01,sarimax,2023-01-09,2023-01-10,17446.29296875,17197.035898159378,2023-01-09,249.25707059062188
base_01,sarimax,2023-01-10,2023-01-11,17934.896484375,17446.63331947223,2023-01-10,488.2631649027717
base_01,sarimax,2023-01-11,2023-01-12,18869.587890625,17935.774405740853,2023-01-11,933.8134848841473
base_01,sarimax,2023-01-12,2023-01-13,19909.57421875,18872.008932002576,2023-01-12,1037.5652867474237
base_01,sarimax,2023-01-13,2023-01-14,20976.298828125,19912.555055612902,2023-01-13,1063.743772512098
base_01,sarimax,2023-01-14,2023-01-15,20880.798828125,20980.84233814548,2023-01-14,-100.04351002048134
base_01,sarimax,2023-01-15,2023-01-16,21169.6328125,20885.395106099353,2023-01-15,284.23770640064686
base_01,sarimax,2023-01-16,2023-01-17,21161.51953125,21169.207489602668,2023-01-16,-7.68795835266792
base_01,sarimax,2023-01-17,2023-01-18,20688.78125,21162.836321208037,2023-01-17,-474.0550712080367
base_01,sarimax,2023-01-18,2023-01-19,21086.79296875,20688.716304166515,2023-01-18,398.07666458348467
base_01,sarimax,2023-01-19,2023-01-20,22676.552734375,21084.710677641422,2023-01-19,1591.842056733578
base_01,sarimax,2023-01-20,2023-01-21,22777.625,22678.147097510653,2023-01-20,99.47790248934689
base_01,sarimax,2023-01-21,2023-01-22,22720.416015625,22784.025248683247,2023-01-21,-63.6092330582469
base_01,sarimax,2023-01-22,2023-01-23,22934.431640625,22720.8150124946,2023-01-22,213.61662813039948
base_01,sarimax,2023-01-23,2023-01-24,22636.46875,22934.20412644189,2023-01-23,-297.7353764418913
base_01,sarimax,2023-01-24,2023-01-25,23117.859375,22637.300330871796,2023-01-24,480.5590441282038
base_01,sarimax,2023-01-25,2023-01-26,23032.77734375,23116.686492391986,2023-01-25,-83.90914864198567
base_01,sarimax,2023-01-26,2023-01-27,23078.728515625,23034.689876631946,2023-01-26,44.03863899305361
base_01,sarimax,2023-01-27,2023-01-28,23031.08984375,23078.410658459103,2023-01-27,-47.320814709102706
base_01,sarimax,2023-01-28,2023-01-29,23774.56640625,23031.29000388378,2023-01-28,743.2764023662203
base_01,sarimax,2023-01-29,2023-01-30,22840.138671875,23774.368292396364,2023-01-29,-934.2296205213643
base_01,sarimax,2023-01-30,2023-01-31,23139.283203125,22843.176156834063,2023-01-30,296.10704629093743
base_01,sarimax,2023-01-31,2023-02-01,23723.76953125,23135.32325449929,2023-01-31,588.4462767507102
base_01,sarimax,2023-02-01,2023-02-02,23471.87109375,23724.938957767266,2023-02-01,-253.0678640172664
base_01,sarimax,2023-02-02,2023-02-03,23449.322265625,23474.13203204155,2023-02-02,-24.8097664165507
base_01,sarimax,2023-02-03,2023-02-04,23331.84765625,23448.344105426557,2023-02-03,-116.49644917655678
base_01,sarimax,2023-02-04,2023-02-05,22955.666015625,23331.757464243503,2023-02-04,-376.0914486185029
base_01,sarimax,2023-02-05,2023-02-06,22760.109375,22955.219961970855,2023-02-05,-195.11058697085537
base_01,sarimax,2023-02-06,2023-02-07,23264.291015625,22758.626061877374,2023-02-06,505.664953747626
base_01,sarimax,2023-02-07,2023-02-08,22939.3984375,23263.538808772362,2023-02-07,-324.14037127236224
base_01,sarimax,2023-02-08,2023-02-09,21819.0390625,22941.36022706277,2023-02-08,-1122.3211645627707
base_01,sarimax,2023-02-09,2023-02-10,21651.18359375,21817.897593849717,2023-02-09,-166.71400009971694
base_01,sarimax,2023-02-10,2023-02-11,21870.875,21647.135543313176,2023-02-10,223.73945668682427
base_01,sarimax,2023-02-11,2023-02-12,21788.203125,21870.296583770854,2023-02-11,-82.09345877085434
base_01,sarimax,2023-02-12,2023-02-13,21808.1015625,21788.96701100086,2023-02-12,19.134551499140798
base_01,sarimax,2023-02-13,2023-02-14,22220.8046875,21807.81047122118,2023-02-13,412.9942162788211
base_01,sarimax,2023-02-14,2023-02-15,24307.841796875,22220.855551445016,2023-02-14,2086.9862454299837
base_01,sarimax,2023-02-15,2023-02-16,23623.474609375,24309.29385089837,2023-02-15,-685.8192415233716
base_01,sarimax,2023-02-16,2023-02-17,24565.6015625,23630.358171369182,2023-02-16,935.243391130818
base_01,sarimax,2023-02-17,2023-02-18,24641.27734375,24562.63561803461,2023-02-17,78.64172571539166
base_01,sarimax,2023-02-18,2023-02-19,24327.642578125,24645.332238096744,2023-02-18,-317.6896599717438
base_01,sarimax,2023-02-19,2023-02-20,24829.1484375,24327.95205125424,2023-02-19,501.19638624575964
base_01,sarimax,2023-02-20,2023-02-21,24436.353515625,24827.88614593992,2023-02-20,-391.5326303149195
base_01,sarimax,2023-02-21,2023-02-22,24188.84375,24438.449169747102,2023-02-21,-249.60541974710213
base_01,sarimax,2023-02-22,2023-02-23,23947.4921875,24187.206980905878,2023-02-22,-239.71479340587757
base_01,sarimax,2023-02-23,2023-02-24,23198.126953125,23946.454434989406,2023-02-23,-748.3274818644059
base_01,sarimax,2023-02-24,2023-02-25,23175.375,23197.074355339417,2023-02-24,-21.699355339416798
base_01,sarimax,2023-02-25,2023-02-26,23561.212890625,23172.164641076775,2023-02-25,389.0482495482247
base_01,sarimax,2023-02-26,2023-02-27,23522.87109375,23561.10442210028,2023-02-26,-38.23332835028123
base_01,sarimax,2023-02-27,2023-02-28,23147.353515625,23524.480554317834,2023-02-27,-377.1270386928336
base_01,sarimax,2023-02-28,2023-03-01,23646.55078125,23147.191870396397,2023-02-28,499.35891085360345
base_01,sarimax,2023-03-01,2023-03-02,23475.466796875,23645.04842193847,2023-03-01,-169.5816250634707
base_01,sarimax,2023-03-02,2023-03-03,22362.6796875,23477.511948580013,2023-03-02,-1114.8322610800133
base_01,sarimax,2023-03-03,2023-03-04,22353.349609375,22362.02902078775,2023-03-03,-8.679411412751506
base_01,sarimax,2023-03-04,2023-03-05,22435.513671875,22349.095724132498,2023-03-04,86.41794774250229
base_01,sarimax,2023-03-05,2023-03-06,22429.7578125,22435.480572740787,2023-03-05,-5.722760240787466
base_01,sarimax,2023-03-06,2023-03-07,22219.76953125,22430.06784585182,2023-03-06,-210.29831460181958
base_01,sarimax,2023-03-07,2023-03-08,21718.080078125,22219.73741254111,2023-03-07,-501.65733441611155
base_01,sarimax,2023-03-08,2023-03-09,20363.021484375,21717.282697228857,2023-03-08,-1354.2612128538567
base_01,sarimax,2023-03-09,2023-03-10,20187.244140625,20361.08038699077,2023-03-09,-173.8362463657686
base_01,sarimax,2023-03-10,2023-03-11,20632.41015625,20181.92014963026,2023-03-10,450.4900066197406
base_01,sarimax,2023-03-11,2023-03-12,22163.94921875,20631.757705187385,2023-03-11,1532.191513562615
base_01,sarimax,2023-03-12,2023-03-13,24197.533203125,22165.4905338939,2023-03-12,2032.0426692311012
base_01,sarimax,2023-03-13,2023-03-14,24746.07421875,24203.61691135673,2023-03-13,542.4573073932697
base_01,sarimax,2023-03-14,2023-03-15,24375.9609375,24755.041977503362,2023-03-14,-379.08104000336243
base_01,sarimax,2023-03-15,2023-03-16,25052.7890625,24378.231066097407,2023-03-15,674.5579964025928
base_01,sarimax,2023-03-16,2023-03-17,27423.9296875,25051.13383765117,2023-03-16,2372.7958498488297
base_01,sarimax,2023-03-17,2023-03-18,26965.87890625,27426.453896440362,2023-03-17,-460.57499019036186
base_01,sarimax,2023-03-18,2023-03-19,28038.67578125,26974.35665015251,2023-03-18,1064.3191310974908
base_01,sarimax,2023-03-19,2023-03-20,27767.236328125,28036.369415416084,2023-03-19,-269.13308729108394
base_01,sarimax,2023-03-20,2023-03-21,28175.81640625,27772.494753602998,2023-03-20,403.32165264700234
base_01,sarimax,2023-03-21,2023-03-22,27307.4375,28174.42184897553,2023-03-21,-866.9843489755294
base_01,sarimax,2023-03-22,2023-03-23,28333.97265625,27309.492835995454,2023-03-22,1024.4798202545462
base_01,sarimax,2023-03-23,2023-03-24,27493.28515625,28329.3044844005,2023-03-23,-836.0193281505017
base_01,sarimax,2023-03-24,2023-03-25,27494.70703125,27499.20579531645,2023-03-24,-4.498764066451258
base_01,sarimax,2023-03-25,2023-03-26,27994.330078125,27489.84500761927,2023-03-25,504.4850705057288
base_01,sarimax,2023-03-26,2023-03-27,27139.888671875,27994.375884552017,2023-03-26,-854.4872126770169
base_01,sarimax,2023-03-27,2023-03-28,27268.130859375,27142.676747561385,2023-03-27,125.45411181361487
base_01,sarimax,2023-03-28,2023-03-29,28348.44140625,27263.287373457122,2023-03-28,1085.1540327928778
base_01,sarimax,2023-03-29,2023-03-30,28033.5625,28349.13220685519,2023-03-29,-315.569706855189
base_01,sarimax,2023-03-30,2023-03-31,28478.484375,28039.11693449212,2023-03-30,439.3674405078782
base_01,sarimax,2023-03-31,2023-04-01,28411.03515625,28476.777451758215,2023-03-31,-65.74229550821474
base_01,sarimax,2023-04-01,2023-04-02,28199.30859375,28413.4082495074,2023-04-01,-214.0996557573999
base_01,sarimax,2023-04-02,2023-04-03,27790.220703125,28199.252676281758,2023-04-02,-409.0319731567579
base_01,sarimax,2023-04-03,2023-04-04,28168.08984375,27788.728265178877,2023-04-03,379.36157857112266
base_01,sarimax,2023-04-04,2023-04-05,28177.984375,28166.04192989339,2023-04-04,11.942445106611558
base_01,sarimax,2023-04-05,2023-04-06,28044.140625,28179.960881553783,2023-04-05,-135.8202565537831
base_01,sarimax,2023-04-06,2023-04-07,27925.859375,28044.169514467616,2023-04-06,-118.31013946761595
base_01,sarimax,2023-04-07,2023-04-08,27947.794921875,27925.14369944252,2023-04-07,22.6512224324797
base_01,sarimax,2023-04-08,2023-04-09,28333.05078125,27947.172958452327,2023-04-08,385.8778227976727
base_01,sarimax,2023-04-09,2023-04-10,29652.98046875,28333.21729679119,2023-04-09,1319.7631719588098
base_01,sarimax,2023-04-10,2023-04-11,30235.05859375,29654.986343042652,2023-04-10,580.0722507073478
base_01,sarimax,2023-04-11,2023-04-12,30139.052734375,30242.12350147507,2023-04-11,-103.07076710007095
base_01,sarimax,2023-04-12,2023-04-13,30399.06640625,30142.111531259496,2023-04-12,256.9548749905043
base_01,sarimax,2023-04-13,2023-04-14,30485.69921875,30397.24744910615,2023-04-13,88.45176964384882
base_01,sarimax,2023-04-14,2023-04-15,30318.49609375,30488.46574968321,2023-04-14,-169.96965593321147
base_01,sarimax,2023-04-15,2023-04-16,30315.35546875,30318.925401088425,2023-04-15,-3.569932338425133
base_01,sarimax,2023-04-16,2023-04-17,29445.044921875,30314.427716572696,2023-04-16,-869.3827946976962
base_01,sarimax,2023-04-17,2023-04-18,30397.552734375,29445.051246349387,2023-04-17,952.5014880256131
base_01,sarimax,2023-04-18,2023-04-19,28822.6796875,30392.895463236837,2023-04-18,-1570.2157757368368
base_01,sarimax,2023-04-19,2023-04-20,28245.98828125,28828.44167767414,2023-04-19,-582.4533964241382
base_01,sarimax,2023-04-20,2023-04-21,27276.91015625,28236.85081884715,2023-04-20,-959.9406625971496
base_01,sarimax,2023-04-21,2023-04-22,27817.5,27273.14200775877,2023-04-21,544.3579922412282
base_01,sarimax,2023-04-22,2023-04-23,27591.384765625,27811.225522300687,2023-04-22,-219.84075667568686
base_01,sarimax,2023-04-23,2023-04-24,27525.33984375,27594.955908662534,2023-04-23,-69.61606491253406
base_01,sarimax,2023-04-24,2023-04-25,28307.59765625,27523.887737313125,2023-04-24,783.7099189368746
base_01,sarimax,2023-04-25,2023-04-26,28422.701171875,28307.10557601694,2023-04-25,115.59559585805982
base_01,sarimax,2023-04-26,2023-04-27,29473.787109375,28427.724804906866,2023-04-26,1046.0623044681342
base_01,sarimax,2023-04-27,2023-04-28,29340.26171875,29474.661912414813,2023-04-27,-134.40019366481283
base_01,sarimax,2023-04-28,2023-04-29,29248.48828125,29347.423326392593,2023-04-28,-98.93504514259257
base_01,sarimax,2023-04-29,2023-04-30,29268.806640625,29247.51004757694,2023-04-29,21.29659304806046
base_01,sarimax,2023-04-30,2023-05-01,28091.568359375,29268.192051598086,2023-04-30,-1176.6236922230855
base_01,sarimax,2023-05-01,2023-05-02,28680.537109375,28091.443082799167,2023-05-01,589.0940265758327
base_01,sarimax,2023-05-02,2023-05-03,29006.30859375,28672.787255533403,2023-05-02,333.52133821659663
base_01,sarimax,2023-05-03,2023-05-04,28847.7109375,29010.216184102555,2023-05-03,-162.50524660255542
base_01,sarimax,2023-05-04,2023-05-05,29534.384765625,28850.004326553844,2023-05-04,684.3804390711557
base_01,sarimax,2023-05-05,2023-05-06,28904.623046875,29533.18367750645,2023-05-05,-628.5606306314512
base_01,sarimax,2023-05-06,2023-05-07,28454.978515625,28909.25338767881,2023-05-06,-454.2748720538111
base_01,sarimax,2023-05-07,2023-05-08,27694.2734375,28450.77299049005,2023-05-07,-756.4995529900516
base_01,sarimax,2023-05-08,2023-05-09,27658.775390625,27691.1956759785,2023-05-08,-32.42028535349891
base_01,sarimax,2023-05-09,2023-05-10,27621.755859375,27653.616727071145,2023-05-09,-31.86086769614485
base_01,sarimax,2023-05-10,2023-05-11,27000.7890625,27621.47925515933,2023-05-10,-620.6901926593309
base_01,sarimax,2023-05-11,2023-05-12,26804.990234375,27000.559108191563,2023-05-11,-195.5688738165627
base_01,sarimax,2023-05-12,2023-05-13,26784.078125,26800.633484783924,2023-05-12,-16.55535978392436
base_01,sarimax,2023-05-13,2023-05-14,26930.638671875,26782.843610562915,2023-05-13,147.79506131208473
base_01,sarimax,2023-05-14,2023-05-15,27192.693359375,26930.5099433865,2023-05-14,262.1834159885002
base_01,sarimax,2023-05-15,2023-05-16,27036.650390625,27193.66838994221,2023-05-15,-157.01799931720961
base_01,sarimax,2023-05-16,2023-05-17,27398.802734375,27038.291763901736,2023-05-16,360.510970473264
base_01,sarimax,2023-05-17,2023-05-18,26832.208984375,27397.866899360408,2023-05-17,-565.6579149854078
base_01,sarimax,2023-05-18,2023-05-19,26890.12890625,26834.734485208843,2023-05-18,55.39442104115733
base_01,sarimax,2023-05-19,2023-05-20,27129.5859375,26886.14605592558,2023-05-19,243.43988157442072
base_01,sarimax,2023-05-20,2023-05-21,26753.826171875,27130.0104075729,2023-05-20,-376.18423569789957
base_01,sarimax,2023-05-21,2023-05-22,26851.27734375,26755.397825202464,2023-05-21,95.87951854753555
base_01,sarimax,2023-05-22,2023-05-23,27225.7265625,26848.75040656355,2023-05-22,376.9761559364488
base_01,sarimax,2023-05-23,2023-05-24,26334.818359375,27226.4464308648,2023-05-23,-891.6280714897985
base_01,sarimax,2023-05-24,2023-05-25,26476.20703125,26337.302722857406,2023-05-24,138.90430839259352
base_01,sarimax,2023-05-25,2023-05-26,26719.291015625,26470.17008376274,2023-05-25,249.12093186226048
base_01,sarimax,2023-05-26,2023-05-27,26868.353515625,26720.253814844957,2023-05-26,148.09970078004335
base_01,sarimax,2023-05-27,2023-05-28,28085.646484375,26869.992751024565,2023-05-27,1215.6537333504348
base_01,sarimax,2023-05-28,2023-05-29,27745.884765625,28086.675248959637,2023-05-28,-340.7904833346365
base_01,sarimax,2023-05-29,2023-05-30,27702.349609375,27754.060689441252,2023-05-29,-51.71108006625218
base_01,sarimax,2023-05-30,2023-05-31,27219.658203125,27700.109760828764,2023-05-30,-480.4515577037637
base_01,sarimax,2023-05-31,2023-06-01,26819.97265625,27219.354264498732,2023-05-31,-399.38160824873194
base_01,sarimax,2023-06-01,2023-06-02,27249.58984375,26816.66215544486,2023-06-01,432.9276883051389
base_01,sarimax,2023-06-02,2023-06-03,27075.12890625,27246.934981146846,2023-06-02,-171.80607489684553
base_01,sarimax,2023-06-03,2023-06-04,27119.06640625,27078.03587291811,2023-06-03,41.03053333189018
base_01,sarimax,2023-06-04,2023-06-05,25760.09765625,27117.864353093522,2023-06-04,-1357.7666968435224
base_01,sarimax,2023-06-05,2023-06-06,27238.783203125,25760.428977202155,2023-06-05,1478.3542259228452
base_01,sarimax,2023-06-06,2023-06-07,26345.998046875,27229.12945214943,2023-06-06,-883.131405274431
base_01,sarimax,2023-06-07,2023-06-08,26508.216796875,26357.36032453427,2023-06-07,150.85647234072894
base_01,sarimax,2023-06-08,2023-06-09,26480.375,26501.405172252194,2023-06-08,-21.03017225219446
base_01,sarimax,2023-06-09,2023-06-10,25851.240234375,26481.59053406083,2023-06-09,-630.3502996858297
base_01,sarimax,2023-06-10,2023-06-11,25940.16796875,25851.05587428479,2023-06-10,89.11209446521025
base_01,sarimax,2023-06-11,2023-06-12,25902.5,25935.378980216177,2023-06-11,-32.8789802161773
base_01,sarimax,2023-06-12,2023-06-13,25918.728515625,25903.113090076153,2023-06-12,15.61542554884727
base_01,sarimax,2023-06-13,2023-06-14,25124.67578125,25918.489048976408,2023-06-13,-793.8132677264075
base_01,sarimax,2023-06-14,2023-06-15,25576.39453125,25124.807930384293,2023-06-14,451.5866008657067
base_01,sarimax,2023-06-15,2023-06-16,26327.462890625,25570.2802317579,2023-06-15,757.1826588670992
base_01,sarimax,2023-06-16,2023-06-17,26510.67578125,26330.79846327694,2023-06-16,179.8773179730597
base_01,sarimax,2023-06-17,2023-06-18,26336.212890625,26516.262477716948,2023-06-17,-180.04958709194761
base_01,sarimax,2023-06-18,2023-06-19,26851.029296875,26337.544653769404,2023-06-18,513.4846431055958
base_01,sarimax,2023-06-19,2023-06-20,28327.48828125,26849.738890487195,2023-06-19,1477.749390762805
base_01,sarimax,2023-06-20,2023-06-21,30027.296875,28331.15512951548,2023-06-20,1696.1417454845214
base_01,sarimax,2023-06-21,2023-06-22,29912.28125,30038.60537368979,2023-06-21,-126.3241236897884
base_01,sarimax,2023-06-22,2023-06-23,30695.46875,29925.016287247752,2023-06-22,770.4524627522478
base_01,sarimax,2023-06-23,2023-06-24,30548.6953125,30694.649517531245,2023-06-23,-145.95420503124478
base_01,sarimax,2023-06-24,2023-06-25,30480.26171875,30555.386175739564,2023-06-24,-75.12445698956435
base_01,sarimax,2023-06-25,2023-06-26,30271.130859375,30478.92279199211,2023-06-25,-207.79193261711043
base_01,sarimax,2023-06-26,2023-06-27,30688.1640625,30270.59943920622,2023-06-26,417.56462329377973
base_01,sarimax,2023-06-27,2023-06-28,30086.24609375,30686.47125765299,2023-06-27,-600.2251639029892
base_01,sarimax,2023-06-28,2023-06-29,30445.3515625,30089.729600318027,2023-06-28,355.6219621819728
base_01,sarimax,2023-06-29,2023-06-30,30477.251953125,30440.257264813325,2023-06-29,36.99468831167542
base_01,sarimax,2023-06-30,2023-07-01,30590.078125,30480.212242738842,2023-06-30,109.86588226115782
base_01,sarimax,2023-07-01,2023-07-02,30620.76953125,30590.333530957094,2023-07-01,30.4360002929061
base_01,sarimax,2023-07-02,2023-07-03,31156.439453125,30621.73386689882,2023-07-02,534.7055862261805
base_01,sarimax,2023-07-03,2023-07-04,30777.58203125,31156.751787123903,2023-07-03,-379.16975587390334
base_01,sarimax,2023-07-04,2023-07-05,30514.166015625,30782.042394131637,2023-07-04,-267.8763785066367
base_01,sarimax,2023-07-05,2023-07-06,29909.337890625,30511.024630976215,2023-07-05,-601.6867403512151
base_01,sarimax,2023-07-06,2023-07-07,30342.265625,29907.050960036504,2023-07-06,435.21466496349603
base_01,sarimax,2023-07-07,2023-07-08,30292.541015625,30337.255495916863,2023-07-07,-44.714480291862856
base_01,sarimax,2023-07-08,2023-07-09,30171.234375,30296.226483131,2023-07-08,-124.99210813099853
base_01,sarimax,2023-07-09,2023-07-10,30414.470703125,30170.772641684307,2023-07-09,243.69806144069298
base_01,sarimax,2023-07-10,2023-07-11,30620.951171875,30413.476527143288,2023-07-10,207.47464473171203
base_01,sarimax,2023-07-11,2023-07-12,30391.646484375,30622.993507460644,2023-07-11,-231.34702308564374
base_01,sarimax,2023-07-12,2023-07-13,31476.048828125,30393.340565181505,2023-07-12,1082.7082629434954
base_01,sarimax,2023-07-13,2023-07-14,30334.068359375,31474.074238051253,2023-07-13,-1140.005878676253
base_01,sarimax,2023-07-14,2023-07-15,30295.806640625,30343.33535280847,2023-07-14,-47.52871218346991
base_01,sarimax,2023-07-15,2023-07-16,30249.1328125,30286.070038530448,2023-07-15,-36.93722603044807
base_01,sarimax,2023-07-16,2023-07-17,30145.888671875,30248.839801607948,2023-07-16,-102.95112973294817
base_01,sarimax,2023-07-17,2023-07-18,29856.5625,30145.47998836108,2023-07-17,-288.91748836107945
base_01,sarimax,2023-07-18,2023-07-19,29913.923828125,29855.68796095056,2023-07-18,58.2358671744405
base_01,sarimax,2023-07-19,2023-07-20,29792.015625,29911.494175900254,2023-07-19,-119.47855090025405
base_01,sarimax,2023-07-20,2023-07-21,29908.744140625,29792.470051381333,2023-07-20,116.27408924366682
base_01,sarimax,2023-07-21,2023-07-22,29771.802734375,29907.800724530887,2023-07-21,-135.99799015588724
base_01,sarimax,2023-07-22,2023-07-23,30084.5390625,29772.69079330674,2023-07-22,311.8482691932586
base_01,sarimax,2023-07-23,2023-07-24,29176.916015625,30083.520497968166,2023-07-23,-906.6044823431657
base_01,sarimax,2023-07-24,2023-07-25,29227.390625,29179.435839498066,2023-07-24,47.95478550193366
base_01,sarimax,2023-07-25,2023-07-26,29354.97265625,29219.582531208733,2023-07-25,135.3901250412673
base_01,sarimax,2023-07-26,2023-07-27,29210.689453125,29355.37352802457,2023-07-26,-144.684074899571
base_01,sarimax,2023-07-27,2023-07-28,29319.24609375,29211.788738509324,2023-07-27,107.4573552406764
base_01,sarimax,2023-07-28,2023-07-29,29356.91796875,29318.032124837344,2023-07-28,38.88584391265613
base_01,sarimax,2023-07-29,2023-07-30,29275.30859375,29357.839473978074,2023-07-29,-82.53088022807424
base_01,sarimax,2023-07-30,2023-07-31,29230.111328125,29275.63181486964,2023-07-30,-45.52048674464095
base_01,sarimax,2023-07-31,2023-08-01,29675.732421875,29229.433379469523,2023-07-31,446.29904240547694
base_01,sarimax,2023-08-01,2023-08-02,29151.958984375,29675.325997115753,2023-08-01,-523.3670127407531
base_01,sarimax,2023-08-02,2023-08-03,29178.6796875,29156.009225098886,2023-08-02,22.67046240111449
base_01,sarimax,2023-08-03,2023-08-04,29074.091796875,29174.012424956512,2023-08-03,-99.9206280815124
base_01,sarimax,2023-08-04,2023-08-05,29042.126953125,29074.200314660615,2023-08-04,-32.07336153561482
base_01,sarimax,2023-08-05,2023-08-06,29041.85546875,29041.274477593994,2023-08-05,0.5809911560063483
base_01,sarimax,2023-08-06,2023-08-07,29180.578125,29041.58259688015,2023-08-06,138.99552811984904
base_01,sarimax,2023-08-07,2023-08-08,29765.4921875,29180.53346494007,2023-08-07,584.9587225599316
base_01,sarimax,2023-08-08,2023-08-09,29561.494140625,29766.713235277468,2023-08-08,-205.2190946524679
base_01,sarimax,2023-08-09,2023-08-10,29429.591796875,29566.54806585499,2023-08-09,-136.95626897998955
base_01,sarimax,2023-08-10,2023-08-11,29397.71484375,29427.85787695808,2023-08-10,-30.14303320808176
base_01,sarimax,2023-08-11,2023-08-12,29415.96484375,29396.524925754708,2023-08-11,19.43991799529249
base_01,sarimax,2023-08-12,2023-08-13,29282.9140625,29415.749986273222,2023-08-12,-132.83592377322202
base_01,sarimax,2023-08-13,2023-08-14,29408.443359375,29283.057869164124,2023-08-13,125.38549021087601
base_01,sarimax,2023-08-14,2023-08-15,29170.34765625,29407.302374372495,2023-08-14,-236.95471812249525
base_01,sarimax,2023-08-15,2023-08-16,28701.779296875,29171.417480718384,2023-08-15,-469.63818384338447
base_01,sarimax,2023-08-16,2023-08-17,26664.55078125,28699.742564902524,2023-08-16,-2035.1917836525245
base_01,sarimax,2023-08-17,2023-08-18,26049.556640625,26660.427647545097,2023-08-17,-610.871006920097
base_01,sarimax,2023-08-18,2023-08-19,26096.205078125,26031.1297599946,2023-08-18,65.07531813039895
base_01,sarimax,2023-08-19,2023-08-20,26189.583984375,26090.99190788941,2023-08-19,98.59207648559095
base_01,sarimax,2023-08-20,2023-08-21,26124.140625,26190.017082517326,2023-08-20,-65.87645751732634
base_01,sarimax,2023-08-21,2023-08-22,26031.65625,26124.953617791525,2023-08-21,-93.29736779152518
base_01,sarimax,2023-08-22,2023-08-23,26431.640625,26031.144750228537,2023-08-22,400.4958747714627
base_01,sarimax,2023-08-23,2023-08-24,26162.373046875,26430.84477040487,2023-08-23,-268.47172352987036
base_01,sarimax,2023-08-24,2023-08-25,26047.66796875,26165.825229587565,2023-08-24,-118.15726083756454
base_01,sarimax,2023-08-25,2023-08-26,26008.462890625,26045.309604141243,2023-08-25,-36.846713516242744
base_01,sarimax,2023-08-26,2023-08-27,26089.693359375,26007.439497151958,2023-08-26,82.25386222304223
base_01,sarimax,2023-08-27,2023-08-28,26106.150390625,26089.350022221875,2023-08-27,16.800368403124594
base_01,sarimax,2023-08-28,2023-08-29,27727.392578125,26106.866876669283,2023-08-28,1620.5257014557174
base_01,sarimax,2023-08-29,2023-08-30,27297.265625,27727.507026642284,2023-08-29,-430.2414016422845
base_01,sarimax,2023-08-30,2023-08-31,25931.47265625,27311.663171195883,2023-08-30,-1380.1905149458835
base_01,sarimax,2023-08-31,2023-09-01,25800.724609375,25928.1735880372,2023-08-31,-127.4489786621998
base_01,sarimax,2023-09-01,2023-09-02,25868.798828125,25790.077781365504,2023-09-01,78.72104675949595
base_01,sarimax,2023-09-02,2023-09-03,25969.56640625,25867.764161873863,2023-09-02,101.80224437613651
base_01,sarimax,2023-09-03,2023-09-04,25812.416015625,25970.09593157767,2023-09-03,-157.67991595267085
base_01,sarimax,2023-09-04,2023-09-05,25779.982421875,25813.17987284098,2023-09-04,-33.19745096598126
base_01,sarimax,2023-09-05,2023-09-06,25753.236328125,25778.79689750472,2023-09-05,-25.5605693797188
base_01,sarimax,2023-09-06,2023-09-07,26240.1953125,25752.996868031114,2023-09-06,487.198444468886
base_01,sarimax,2023-09-07,2023-09-08,25905.654296875,26239.92066329154,2023-09-07,-334.26636641654113
base_01,sarimax,2023-09-08,2023-09-09,25895.677734375,25909.477953565143,2023-09-08,-13.800219190143252
base_01,sarimax,2023-09-09,2023-09-10,25832.2265625,25893.05691575473,2023-09-09,-60.830353254728834
base_01,sarimax,2023-09-10,2023-09-11,25162.654296875,25832.147668710237,2023-09-10,-669.4933718352368
base_01,sarimax,2023-09-11,2023-09-12,25833.34375,25162.16367318747,2023-09-11,671.1800768125286
base_01,sarimax,2023-09-12,2023-09-13,26228.32421875,25828.17276941308,2023-09-12,400.15144933692136
base_01,sarimax,2023-09-13,2023-09-14,26539.673828125,26233.45019594898,2023-09-13,306.22363217602106
base_01,sarimax,2023-09-14,2023-09-15,26608.693359375,26542.672773146343,2023-09-14,66.02058622865661
base_01,sarimax,2023-09-15,2023-09-16,26568.28125,26611.04240474638,2023-09-15,-42.76115474637845
base_01,sarimax,2023-09-16,2023-09-17,26534.1875,26568.837256280993,2023-09-16,-34.64975628099273
base_01,sarimax,2023-09-17,2023-09-18,26754.28125,26533.893558784097,2023-09-17,220.38769121590303
base_01,sarimax,2023-09-18,2023-09-19,27211.1171875,26754.01233621156,2023-09-18,457.10485128844084
base_01,sarimax,2023-09-19,2023-09-20,27132.0078125,27212.864480052212,2023-09-19,-80.85666755221246
base_01,sarimax,2023-09-20,2023-09-21,26567.6328125,27135.449691938175,2023-09-20,-567.8168794381745
base_01,sarimax,2023-09-21,2023-09-22,26579.568359375,26567.02724832636,2023-09-21,12.541111048638413
base_01,sarimax,2023-09-22,2023-09-23,26579.390625,26575.306630623705,2023-09-22,4.083994376294868
base_01,sarimax,2023-09-23,2023-09-24,26256.826171875,26579.499829012475,2023-09-23,-322.67365713747495
base_01,sarimax,2023-09-24,2023-09-25,26298.48046875,26256.832318597615,2023-09-24,41.648150152384915
base_01,sarimax,2023-09-25,2023-09-26,26217.25,26296.02903853434,2023-09-25,-78.77903853433963
base_01,sarimax,2023-09-26,2023-09-27,26352.716796875,26217.55907735331,2023-09-26,135.1577195216887
base_01,sarimax,2023-09-27,2023-09-28,27021.546875,26352.073559156393,2023-09-27,669.4733158436065
base_01,sarimax,2023-09-28,2023-09-29,26911.720703125,27022.646604023867,2023-09-28,-110.92590089886653
base_01,sarimax,2023-09-29,2023-09-30,26967.916015625,26916.743890169528,2023-09-29,51.17212545547227
base_01,sarimax,2023-09-30,2023-10-01,27983.75,26967.064533877998,2023-09-30,1016.6854661220023
base_01,sarimax,2023-10-01,2023-10-02,27530.78515625,27984.166031137673,2023-10-01,-453.3808748876727
base_01,sarimax,2023-10-02,2023-10-03,27429.978515625,27538.31095858713,2023-10-02,-108.33244296213161
base_01,sarimax,2023-10-03,2023-10-04,27799.39453125,27426.51050845744,2023-10-03,372.88402279256115
base_01,sarimax,2023-10-04,2023-10-05,27415.912109375,27798.81532554779,2023-10-04,-382.90321617278823
base_01,sarimax,2023-10-05,2023-10-06,27946.59765625,27418.621166614364,2023-10-05,527.9764896356355
base_01,sarimax,2023-10-06,2023-10-07,27968.83984375,27943.72705725293,2023-10-06,25.112786497069465
base_01,sarimax,2023-10-07,2023-10-08,27935.08984375,27972.80802946766,2023-10-07,-37.71818571765834
base_01,sarimax,2023-10-08,2023-10-09,27583.677734375,27935.27437509836,2023-10-08,-351.5966407233609
base_01,sarimax,2023-10-09,2023-10-10,27391.01953125,27583.402133364954,2023-10-09,-192.38260211495435
base_01,sarimax,2023-10-10,2023-10-11,26873.3203125,27388.4606662307,2023-10-10,-515.1403537307015
base_01,sarimax,2023-10-11,2023-10-12,26756.798828125,26871.837781833896,2023-10-11,-115.03895370889586
base_01,sarimax,2023-10-12,2023-10-13,26862.375,26752.902628275722,2023-10-12,109.47237172427776
base_01,sarimax,2023-10-13,2023-10-14,26861.70703125,26861.47403595754,2023-10-13,0.23299529245923623
base_01,sarimax,2023-10-14,2023-10-15,27159.65234375,26862.557403837298,2023-10-14,297.0949399127021
base_01,sarimax,2023-10-15,2023-10-16,28519.466796875,27159.59074008897,2023-10-15,1359.87605678603
base_01,sarimax,2023-10-16,2023-10-17,28415.748046875,28521.749386948704,2023-10-16,-106.00134007370434
base_01,sarimax,2023-10-17,2023-10-18,28328.341796875,28425.91329227444,2023-10-17,-97.5714953994393
base_01,sarimax,2023-10-18,2023-10-19,28719.806640625,28327.532396898903,2023-10-18,392.27424372609676
base_01,sarimax,2023-10-19,2023-10-20,29682.94921875,28719.208892542178,2023-10-19,963.7403262078224
base_01,sarimax,2023-10-20,2023-10-21,29918.412109375,29685.89304138653,2023-10-20,232.51906798846903
base_01,sarimax,2023-10-21,2023-10-22,29993.896484375,29925.444627961133,2023-10-21,68.45185641386706
base_01,sarimax,2023-10-22,2023-10-23,33086.234375,29995.64464006081,2023-10-22,3090.589734939189
base_01,sarimax,2023-10-23,2023-10-24,33901.52734375,33087.963799138255,2023-10-23,813.5635446117449
base_01,sarimax,2023-10-24,2023-10-25,34502.8203125,33924.59840434662,2023-10-24,578.2219081533767
base_01,sarimax,2023-10-25,2023-10-26,34156.6484375,34510.127676007396,2023-10-25,-353.4792385073961
base_01,sarimax,2023-10-26,2023-10-27,33909.80078125,34161.68777721511,2023-10-26,-251.88699596511287
base_01,sarimax,2023-10-27,2023-10-28,34089.57421875,33906.84667306488,2023-10-27,182.72754568512028
base_01,sarimax,2023-10-28,2023-10-29,34538.48046875,34087.46887485999,2023-10-28,451.0115938900126
base_01,sarimax,2023-10-29,2023-10-30,34502.36328125,34540.0037361958,2023-10-29,-37.64045494580205
base_01,sarimax,2023-10-30,2023-10-31,34667.78125,34506.08110807952,2023-10-30,161.70014192048257
base_01,sarimax,2023-10-31,2023-11-01,35437.25390625,34667.514023234704,2023-10-31,769.7398830152961
base_01,sarimax,2023-11-01,2023-11-02,34938.2421875,35438.578666341535,2023-11-01,-500.3364788415347
base_01,sarimax,2023-11-02,2023-11-03,34732.32421875,34944.804428102034,2023-11-02,-212.48020935203385
base_01,sarimax,2023-11-03,2023-11-04,35082.1953125,34728.17811852623,2023-11-03,354.0171939737702
base_01,sarimax,2023-11-04,2023-11-05,35049.35546875,35080.500701277495,2023-11-04,-31.145232527494954
base_01,sarimax,2023-11-05,2023-11-06,35037.37109375,35052.25627513056,2023-11-05,-14.885181380559516
base_01,sarimax,2023-11-06,2023-11-07,35443.5625,35036.99932218991,2023-11-06,406.5631778100869
base_01,sarimax,2023-11-07,2023-11-08,35655.27734375,35443.587167778496,2023-11-07,211.69017597150378
base_01,sarimax,2023-11-08,2023-11-09,36693.125,35658.329689164035,2023-11-08,1034.7953108359652
base_01,sarimax,2023-11-09,2023-11-10,37313.96875,36694.92411046966,2023-11-09,619.044639530337
base_01,sarimax,2023-11-10,2023-11-11,37138.05078125,37323.0156279439,2023-11-10,-184.96484669390338
base_01,sarimax,2023-11-11,2023-11-12,37054.51953125,37143.13766338167,2023-11-11,-88.61813213166897
base_01,sarimax,2023-11-12,2023-11-13,36502.35546875,37053.046716710145,2023-11-12,-550.6912479601451
base_01,sarimax,2023-11-13,2023-11-14,35537.640625,36501.821119474465,2023-11-13,-964.1804944744654
base_01,sarimax,2023-11-14,2023-11-15,37880.58203125,35532.76935804949,2023-11-14,2347.812673200511
base_01,sarimax,2023-11-15,2023-11-16,36154.76953125,37873.26430340302,2023-11-15,-1718.4947721530189
base_01,sarimax,2023-11-16,2023-11-17,36596.68359375,36174.70483702775,2023-11-16,421.978756722252
base_01,sarimax,2023-11-17,2023-11-18,36585.703125,36581.19589211681,2023-11-17,4.507232883188408
base_01,sarimax,2023-11-18,2023-11-19,37386.546875,36589.86008915661,2023-11-18,796.6867858433907
base_01,sarimax,2023-11-19,2023-11-20,37476.95703125,37386.182300483844,2023-11-19,90.7747307661557
base_01,sarimax,2023-11-20,2023-11-21,35813.8125,37484.21216073424,2023-11-20,-1670.3996607342415
base_01,sarimax,2023-11-21,2023-11-22,37432.33984375,35814.62864170336,2023-11-21,1617.7112020466375
base_01,sarimax,2023-11-22,2023-11-23,37289.62109375,37417.54952857292,2023-11-22,-127.92843482291937
base_01,sarimax,2023-11-23,2023-11-24,37720.28125,37304.20495992344,2023-11-23,416.07629007656215
base_01,sarimax,2023-11-24,2023-11-25,37796.79296875,37719.15430881864,2023-11-24,77.63865993136278
base_01,sarimax,2023-11-25,2023-11-26,37479.12109375,37800.669508784726,2023-11-25,-321.5484150347256
base_01,sarimax,2023-11-26,2023-11-27,37254.16796875,37479.80045876401,2023-11-26,-225.63249001400982
base_01,sarimax,2023-11-27,2023-11-28,37831.0859375,37251.08416887723,2023-11-27,580.0017686227729
base_01,sarimax,2023-11-28,2023-11-29,37858.4921875,37829.25002930287,2023-11-28,29.242158197128447
base_01,sarimax,2023-11-29,2023-11-30,37712.74609375,37863.63775467172,2023-11-29,-150.89166092171945
base_01,sarimax,2023-11-30,2023-12-01,38688.75,37713.05623421182,2023-11-30,975.693765788179
base_01,sarimax,2023-12-01,2023-12-02,39476.33203125,38687.47993076975,2023-12-01,788.8521004802533
base_01,sarimax,2023-12-02,2023-12-03,39978.390625,39484.89855391186,2023-12-02,493.49207108814153
base_01,sarimax,2023-12-03,2023-12-04,41980.09765625,39985.47838981324,2023-12-03,1994.6192664367627
base_01,sarimax,2023-12-04,2023-12-05,44080.6484375,41985.06648470078,2023-12-04,2095.5819527992207
base_01,sarimax,2023-12-05,2023-12-06,43746.4453125,44101.3817147013,2023-12-05,-354.9364022013033
base_01,sarimax,2023-12-06,2023-12-07,43292.6640625,43767.34455194954,2023-12-06,-474.68048944954353
base_01,sarimax,2023-12-07,2023-12-08,44166.6015625,43289.71034178083,2023-12-07,876.8912207191679
base_01,sarimax,2023-12-08,2023-12-09,43725.984375,44162.1419841063,2023-12-08,-436.1576091063034
base_01,sarimax,2023-12-09,2023-12-10,43779.69921875,43734.38258809496,2023-12-09,45.31663065504108
base_01,sarimax,2023-12-10,2023-12-11,41243.83203125,43775.41371998037,2023-12-10,-2531.5816887303736
base_01,sarimax,2023-12-11,2023-12-12,41450.22265625,41244.47104891406,2023-12-11,205.75160733593657
base_01,sarimax,2023-12-12,2023-12-13,42890.7421875,41424.56729527537,2023-12-12,1466.1748922246334
base_01,sarimax,2023-12-13,2023-12-14,43023.97265625,42892.63598450518,2023-12-13,131.33667174482252
base_01,sarimax,2023-12-14,2023-12-15,41929.7578125,43035.66444900943,2023-12-14,-1105.9066365094332
base_01,sarimax,2023-12-15,2023-12-16,42240.1171875,41930.83832267996,2023-12-15,309.2788648200367
base_01,sarimax,2023-12-16,2023-12-17,41364.6640625,42231.910476544,2023-12-16,-867.2464140439988
base_01,sarimax,2023-12-17,2023-12-18,42623.5390625,41367.0386083535,2023-12-17,1256.5004541465023
base_01,sarimax,2023-12-18,2023-12-19,42270.52734375,42616.29273330923,2023-12-18,-345.76538955923024
base_01,sarimax,2023-12-19,2023-12-20,43652.25,42281.27322243352,2023-12-19,1370.9767775664805
base_01,sarimax,2023-12-20,2023-12-21,43869.15234375,43648.766856276205,2023-12-20,220.38548747379537
base_01,sarimax,2023-12-21,2023-12-22,43997.90234375,43881.80130303872,2023-12-21,116.10104071127716
base_01,sarimax,2023-12-22,2023-12-23,43739.54296875,43999.93387126104,2023-12-22,-260.3909025110406
base_01,sarimax,2023-12-23,2023-12-24,43016.1171875,43740.8562858677,2023-12-23,-724.7390983677033
base_01,sarimax,2023-12-24,2023-12-25,43613.140625,43013.52845176038,2023-12-24,599.6121732396205
base_01,sarimax,2023-12-25,2023-12-26,42520.40234375,43606.65253333188,2023-12-25,-1086.2501895818787
base_01,sarimax,2023-12-26,2023-12-27,43442.85546875,42525.96244961886,2023-12-26,916.8930191311374
base_01,sarimax,2023-12-27,2023-12-28,42627.85546875,43432.39575959815,2023-12-27,-804.5402908481483
base_01,sarimax,2023-12-28,2023-12-29,42099.40234375,42637.43812763883,2023-12-28,-538.0357838888303
base_01,sarimax,2023-12-29,2023-12-30,42156.90234375,42090.99920310582,2023-12-29,65.90314064417908
base_01,sarimax,2023-12-30,2023-12-31,42265.1875,42151.76864749542,2023-12-30,113.4188525045829
base_01,sarimax,2023-12-31,2024-01-01,44167.33203125,42265.778234797486,2023-12-31,1901.5537964525138
base_01,sarimax,2024-01-01,2024-01-02,44957.96875,44168.593469841115,2024-01-01,789.3752801588853
base_01,sarimax,2024-01-02,2024-01-03,42848.17578125,44976.87624721164,2024-01-02,-2128.700465961643
base_01,sarimax,2024-01-03,2024-01-04,44179.921875,42854.333550268035,2024-01-03,1325.5883247319653
base_01,sarimax,2024-01-04,2024-01-05,44162.69140625,44162.144744036734,2024-01-04,0.5466622132662451
base_01,sarimax,2024-01-05,2024-01-06,43989.1953125,44173.949138284945,2024-01-05,-184.75382578494464
base_01,sarimax,2024-01-06,2024-01-07,43943.09765625,43989.07855347995,2024-01-06,-45.98089722995064
base_01,sarimax,2024-01-07,2024-01-08,46970.50390625,43941.59527533596,2024-01-07,3028.9086309140403
base_01,sarimax,2024-01-08,2024-01-09,46139.73046875,46970.10381136122,2024-01-08,-830.373342611223
base_01,sarimax,2024-01-09,2024-01-10,46627.77734375,46164.294177895645,2024-01-09,463.4831658543553
base_01,sarimax,2024-01-10,2024-01-11,46368.5859375,46620.178061699735,2024-01-10,-251.59212419973483
base_01,sarimax,2024-01-11,2024-01-12,42853.16796875,46373.31929630548,2024-01-11,-3520.1513275554826
base_01,sarimax,2024-01-12,2024-01-13,42842.3828125,42850.775895993866,2024-01-12,-8.39308349386556
base_01,sarimax,2024-01-13,2024-01-14,41796.26953125,42814.15024903721,2024-01-13,-1017.8807177872077
base_01,sarimax,2024-01-14,2024-01-15,42511.96875,41796.68357484222,2024-01-14,715.2851751577764
base_01,sarimax,2024-01-15,2024-01-16,43154.9453125,42501.02680332685,2024-01-15,653.9185091731488
base_01,sarimax,2024-01-16,2024-01-17,42742.65234375,43162.268213159405,2024-01-16,-419.6158694094047
base_01,sarimax,2024-01-17,2024-01-18,41262.05859375,42748.462487093566,2024-01-17,-1486.4038933435659
base_01,sarimax,2024-01-18,2024-01-19,41618.40625,41258.6522285909,2024-01-18,359.75402140909864
base_01,sarimax,2024-01-19,2024-01-20,41665.5859375,41605.71036418425,2024-01-19,59.87557331575226
base_01,sarimax,2024-01-20,2024-01-21,41545.78515625,41668.56579995257,2024-01-20,-122.78064370257198
base_01,sarimax,2024-01-21,2024-01-22,39507.3671875,41546.18903051408,2024-01-21,-2038.8218430140769
base_01,sarimax,2024-01-22,2024-01-23,39845.55078125,39506.35772617741,2024-01-22,339.1930550725883
base_01,sarimax,2024-01-23,2024-01-24,40077.07421875,39828.15640384189,2024-01-23,248.91781490811263
base_01,sarimax,2024-01-24,2024-01-25,39933.80859375,40080.05648419503,2024-01-24,-146.24789044503268
base_01,sarimax,2024-01-25,2024-01-26,41816.87109375,39935.448726871975,2024-01-25,1881.422366878025
base_01,sarimax,2024-01-26,2024-01-27,42120.0546875,41815.7005133043,2024-01-26,304.3541741957015
base_01,sarimax,2024-01-27,2024-01-28,42035.59375,42135.91256359702,2024-01-27,-100.31881359701947
base_01,sarimax,2024-01-28,2024-01-29,43288.24609375,42038.18705025224,2024-01-28,1250.0590434977566
base_01,sarimax,2024-01-29,2024-01-30,42952.609375,43287.43356465662,2024-01-29,-334.8241896566178
base_01,sarimax,2024-01-30,2024-01-31,42582.60546875,42963.43192549552,2024-01-30,-380.82645674551895
base_01,sarimax,2024-01-31,2024-02-01,43075.7734375,42579.6595169475,2024-01-31,496.11392055250326
base_01,sarimax,2024-02-01,2024-02-02,43185.859375,43072.671103333094,2024-02-01,113.18827166690608
base_01,sarimax,2024-02-02,2024-02-03,42992.25,43190.03425973086,2024-02-02,-197.7842597308627
base_01,sarimax,2024-02-03,2024-02-04,42583.58203125,42993.12717975656,2024-02-03,-409.54514850655687
base_01,sarimax,2024-02-04,2024-02-05,42658.66796875,42582.032850527874,2024-02-04,76.63511822212604
base_01,sarimax,2024-02-05,2024-02-06,43084.671875,42655.268574781665,2024-02-05,429.40330021833506
base_01,sarimax,2024-02-06,2024-02-07,44318.22265625,43085.31496426717,2024-02-06,1232.9076919828294
base_01,sarimax,2024-02-07,2024-02-08,45301.56640625,44321.73036861789,2024-02-07,979.836037632107
base_01,sarimax,2024-02-08,2024-02-09,47147.19921875,45311.8838518692,2024-02-08,1835.3153668808009
base_01,sarimax,2024-02-09,2024-02-10,47771.27734375,47156.26865781655,2024-02-09,615.0086859334479
base_01,sarimax,2024-02-10,2024-02-11,48293.91796875,47789.23289116508,2024-02-10,504.6850775849234
base_01,sarimax,2024-02-11,2024-02-12,49958.22265625,48300.11285991701,2024-02-11,1658.1097963329885
base_01,sarimax,2024-02-12,2024-02-13,49742.44140625,49963.79476948487,2024-02-12,-221.3533632348699
base_01,sarimax,2024-02-13,2024-02-14,51826.6953125,49759.730704723384,2024-02-13,2066.9646077766156
base_01,sarimax,2024-02-14,2024-02-15,51938.5546875,51824.180432975285,2024-02-14,114.37425452471507
base_01,sarimax,2024-02-15,2024-02-16,52160.203125,51963.97284554727,2024-02-15,196.2302794527277
base_01,sarimax,2024-02-16,2024-02-17,51662.99609375,52161.44006451811,2024-02-16,-498.44397076810856
base_01,sarimax,2024-02-17,2024-02-18,52122.546875,51665.74529306614,2024-02-17,456.8015819338616
base_01,sarimax,2024-02-18,2024-02-19,51779.14453125,52116.400022220594,2024-02-18,-337.2554909705941
base_01,sarimax,2024-02-19,2024-02-20,52284.875,51784.998015143836,2024-02-19,499.8769848561642
base_01,sarimax,2024-02-20,2024-02-21,51839.1796875,52280.423343299815,2024-02-20,-441.2436557998153
base_01,sarimax,2024-02-21,2024-02-22,51304.97265625,51845.4083145598,2024-02-21,-540.4356583097979
base_01,sarimax,2024-02-22,2024-02-23,50731.94921875,51299.762520675424,2024-02-22,-567.8133019254237
base_01,sarimax,2024-02-23,2024-02-24,51571.1015625,50724.787278038064,2024-02-23,846.314284461936
base_01,sarimax,2024-02-24,2024-02-25,51733.23828125,51564.35377298154,2024-02-24,168.88450826845656
base_01,sarimax,2024-02-25,2024-02-26,54522.40234375,51743.417274735526,2024-02-25,2778.985069014474
base_01,sarimax,2024-02-26,2024-02-27,57085.37109375,54524.61342174638,2024-02-26,2560.757672003623
base_01,sarimax,2024-02-27,2024-02-28,62504.7890625,57123.09149194876,2024-02-27,5381.697570551238
base_01,sarimax,2024-02-28,2024-02-29,61198.3828125,62557.09652894685,2024-02-28,-1358.7137164468513
base_01,sarimax,2024-02-29,2024-03-01,62440.6328125,61300.962731983054,2024-02-29,1139.6700805169457
base_01,sarimax,2024-03-01,2024-03-02,62029.84765625,62411.726288055135,2024-03-01,-381.8786318051352
base_01,sarimax,2024-03-02,2024-03-03,63167.37109375,62057.609062249314,2024-03-02,1109.7620315006861
base_01,sarimax,2024-03-03,2024-03-04,68330.4140625,63158.34455968815,2024-03-03,5172.06950281185
base_01,sarimax,2024-03-04,2024-03-05,63801.19921875,68354.33994957882,2024-03-04,-4553.140730828818
base_01,sarimax,2024-03-05,2024-03-06,66106.8046875,63901.93039457745,2024-03-05,2204.874292922548
base_01,sarimax,2024-03-06,2024-03-07,66925.484375,65994.92413454843,2024-03-06,930.5602404515666
base_01,sarimax,2024-03-07,2024-03-08,68300.09375,66978.04307707475,2024-03-07,1322.050672925252
base_01,sarimax,2024-03-08,2024-03-09,68498.8828125,68320.21862286962,2024-03-08,178.66418963037722
base_01,sarimax,2024-03-09,2024-03-10,69019.7890625,68531.6166113049,2024-03-09,488.17245119510335
base_01,sarimax,2024-03-10,2024-03-11,72123.90625,69024.68667593526,2024-03-10,3099.219574064744
base_01,sarimax,2024-03-11,2024-03-12,71481.2890625,72136.71528246028,2024-03-11,-655.4262199602817
base_01,sarimax,2024-03-12,2024-03-13,73083.5,71557.25164701029,2024-03-12,1526.2483529897145
base_01,sarimax,2024-03-13,2024-03-14,71396.59375,73066.4222998679,2024-03-13,-1669.8285498679033
base_01,sarimax,2024-03-14,2024-03-15,69403.7734375,71439.73495404063,2024-03-14,-2035.9615165406285
base_01,sarimax,2024-03-15,2024-03-16,65315.1171875,69360.43233204327,2024-03-15,-4045.315144543274
base_01,sarimax,2024-03-16,2024-03-17,68390.625,65258.07251191791,2024-03-16,3132.5524880820885
base_01,sarimax,2024-03-17,2024-03-18,67548.59375,68285.19584597548,2024-03-17,-736.6020959754824
base_01,sarimax,2024-03-18,2024-03-19,61912.7734375,67631.53973007032,2024-03-18,-5718.766292570319
base_01,sarimax,2024-03-19,2024-03-20,67913.671875,61896.80899742761,2024-03-19,6016.862877572392
base_01,sarimax,2024-03-20,2024-03-21,65491.390625,67815.6132244381,2024-03-20,-2324.2225994381006
base_01,sarimax,2024-03-21,2024-03-22,63778.76171875,65629.2981892561,2024-03-21,-1850.5364705060929
base_01,sarimax,2024-03-22,2024-03-23,64062.203125,63734.180949192734,2024-03-22,328.02217580726574
base_01,sarimax,2024-03-23,2024-03-24,67234.171875,64031.74785933893,2024-03-23,3202.4240156610686
base_01,sarimax,2024-03-24,2024-03-25,69958.8125,67238.40762808452,2024-03-24,2720.4048719154816
base_01,sarimax,2024-03-25,2024-03-26,69987.8359375,70009.61966140603,2024-03-25,-21.78372390603181
base_01,sarimax,2024-03-26,2024-03-27,69455.34375,70031.20976221949,2024-03-26,-575.8660122194851
base_01,sarimax,2024-03-27,2024-03-28,70744.953125,69456.2770386491,2024-03-27,1288.676086350897
base_01,sarimax,2024-03-28,2024-03-29,69892.828125,70736.62854139593,2024-03-28,-843.8004163959267
base_01,sarimax,2024-03-29,2024-03-30,69645.3046875,69913.0234630884,2024-03-29,-267.7187755883933
base_01,sarimax,2024-03-30,2024-03-31,71333.6484375,69632.12021763941,2024-03-30,1701.5282198605855
base_01,sarimax,2024-03-31,2024-04-01,69702.1484375,71329.99232836778,2024-03-31,-1627.843890867778
base_01,sarimax,2024-04-01,2024-04-02,65446.97265625,69727.51701165849,2024-04-01,-4280.544355408492
base_01,sarimax,2024-04-02,2024-04-03,65980.8125,65427.35871939647,2024-04-02,553.4537806035296
base_01,sarimax,2024-04-03,2024-04-04,68508.84375,65931.11932350384,2024-04-03,2577.724426496163
base_01,sarimax,2024-04-04,2024-04-05,67837.640625,68512.61976927666,2024-04-04,-674.9791442766582
base_01,sarimax,2024-04-05,2024-04-06,68896.109375,67855.39650630653,2024-04-05,1040.7128686934739
base_01,sarimax,2024-04-06,2024-04-07,69362.5546875,68890.65475554815,2024-04-06,471.899931951848
base_01,sarimax,2024-04-07,2024-04-08,71631.359375,69370.95158097045,2024-04-07,2260.4077940295538
base_01,sarimax,2024-04-08,2024-04-09,69139.015625,71635.52713432773,2024-04-08,-2496.5115093277273
base_01,sarimax,2024-04-09,2024-04-10,70587.8828125,69158.20140535443,2024-04-09,1429.6814071455738
base_01,sarimax,2024-04-10,2024-04-11,70060.609375,70563.49756603663,2024-04-10,-502.88819103663263
base_01,sarimax,2024-04-11,2024-04-12,67195.8671875,70075.39151939959,2024-04-11,-2879.5243318995927
base_01,sarimax,2024-04-12,2024-04-13,63821.47265625,67191.44047234047,2024-04-12,-3369.967816090473
base_01,sarimax,2024-04-13,2024-04-14,65738.7265625,63794.70909974996,2024-04-13,1944.0174627500382
base_01,sarimax,2024-04-14,2024-04-15,63426.2109375,65715.13320814134,2024-04-14,-2288.922270641342
base_01,sarimax,2024-04-15,2024-04-16,63811.86328125,63445.535239775156,2024-04-15,366.3280414748442
base_01,sarimax,2024-04-16,2024-04-17,61276.69140625,63787.65038972325,2024-04-16,-2510.958983473247
base_01,sarimax,2024-04-17,2024-04-18,63512.75390625,61281.9683700543,2024-04-17,2230.785536195697
base_01,sarimax,2024-04-18,2024-04-19,63843.5703125,63479.10170884783,2024-04-18,364.4686036521671
base_01,sarimax,2024-04-19,2024-04-20,64994.44140625,63872.15578872144,2024-04-19,1122.2856175285633
base_01,sarimax,2024-04-20,2024-04-21,64926.64453125,64999.1373014717,2024-04-20,-72.49277022170281
base_01,sarimax,2024-04-21,2024-04-22,66837.6796875,64942.385652096054,2024-04-21,1895.2940354039456
base_01,sarimax,2024-04-22,2024-04-23,66407.2734375,66836.84150975492,2024-04-22,-429.568072254915
base_01,sarimax,2024-04-23,2024-04-24,64276.8984375,66435.2042723798,2024-04-23,-2158.305834879793
base_01,sarimax,2024-04-24,2024-04-25,64481.70703125,64271.28598715322,2024-04-24,210.42104409677995
base_01,sarimax,2024-04-25,2024-04-26,63755.3203125,64454.01098451109,2024-04-25,-698.6906720110928
base_01,sarimax,2024-04-26,2024-04-27,63419.140625,63758.176456694026,2024-04-26,-339.03583169402555
base_01,sarimax,2024-04-27,2024-04-28,63113.23046875,63409.190201052406,2024-04-27,-295.95973230240634
base_01,sarimax,2024-04-28,2024-04-29,63841.12109375,63108.764889604536,2024-04-28,732.3562041454643
base_01,sarimax,2024-04-29,2024-04-30,60636.85546875,63836.82672809451,2024-04-29,-3199.9712593445074
base_01,sarimax,2024-04-30,2024-05-01,58254.01171875,60647.07947311161,2024-04-30,-2393.067754361611
base_01,sarimax,2024-05-01,2024-05-02,59123.43359375,58211.2340212051,2024-05-01,912.1995725449015
base_01,sarimax,2024-05-02,2024-05-03,62889.8359375,59095.00255248105,2024-05-02,3794.833385018952
base_01,sarimax,2024-05-03,2024-05-04,63891.47265625,62897.20572325215,2024-05-03,994.2669329978526
base_01,sarimax,2024-05-04,2024-05-05,64031.1328125,63924.83708974425,2024-05-04,106.29572275574901
base_01,sarimax,2024-05-05,2024-05-06,63161.94921875,64040.157143335346,2024-05-05,-878.2079245853456
base_01,sarimax,2024-05-06,2024-05-07,62334.81640625,63163.21644408137,2024-05-06,-828.4000378313722
base_01,sarimax,2024-05-07,2024-05-08,61187.94140625,62327.25147784265,2024-05-07,-1139.3100715926485
base_01,sarimax,2024-05-08,2024-05-09,63049.9609375,61180.461761084814,2024-05-08,1869.4991764151855
base_01,sarimax,2024-05-09,2024-05-10,60792.77734375,63040.34869805677,2024-05-09,-2247.5713543067686
base_01,sarimax,2024-05-10,2024-05-11,60793.7109375,60810.3185272776,2024-05-10,-16.607589777602698
base_01,sarimax,2024-05-11,2024-05-12,61448.39453125,60772.45343706121,2024-05-11,675.9410941887909
base_01,sarimax,2024-05-12,2024-05-13,62901.44921875,61448.39584056234,2024-05-12,1453.0533781876584
base_01,sarimax,2024-05-13,2024-05-14,61552.7890625,62907.218576388936,2024-05-13,-1354.4295138889356
base_01,sarimax,2024-05-14,2024-05-15,66267.4921875,61564.99583322518,2024-05-14,4702.496354274823
base_01,sarimax,2024-05-15,2024-05-16,65231.58203125,66252.5058396395,2024-05-15,-1020.9238083895034
base_01,sarimax,2024-05-16,2024-05-17,67051.875,65286.447223627605,2024-05-16,1765.4277763723949
base_01,sarimax,2024-05-17,2024-05-18,66940.8046875,67036.62736193852,2024-05-17,-95.82267443851742
base_01,sarimax,2024-05-18,2024-05-19,66278.3671875,66968.2221653406,2024-05-18,-689.8549778406014
base_01,sarimax,2024-05-19,2024-05-20,71448.1953125,66276.51358013992,2024-05-19,5171.681732360084
base_01,sarimax,2024-05-20,2024-05-21,70136.53125,71438.84052889376,2024-05-20,-1302.3092788937647
base_01,sarimax,2024-05-21,2024-05-22,69122.3359375,70211.67248924547,2024-05-21,-1089.3365517454658
base_01,sarimax,2024-05-22,2024-05-23,67929.5625,69106.17299713547,2024-05-22,-1176.6104971354653
base_01,sarimax,2024-05-23,2024-05-24,68526.1015625,67916.40452766129,2024-05-23,609.6970348387113
base_01,sarimax,2024-05-24,2024-05-25,69265.9453125,68510.9612443636,2024-05-24,754.9840681364003
base_01,sarimax,2024-05-25,2024-05-26,68518.09375,69273.35077556693,2024-05-25,-755.257025566927
base_01,sarimax,2024-05-26,2024-05-27,69394.5546875,68527.08486907503,2024-05-26,867.4698184249719
base_01,sarimax,2024-05-27,2024-05-28,68296.21875,69385.19891400308,2024-05-27,-1088.9801640030782
base_01,sarimax,2024-05-28,2024-05-29,67578.09375,68307.42091201388,2024-05-28,-729.3271620138839
base_01,sarimax,2024-05-29,2024-05-30,68364.9921875,67564.38743893967,2024-05-29,800.604748560334
base_01,sarimax,2024-05-30,2024-05-31,67491.4140625,68356.2260500695,2024-05-30,-864.8119875694974
base_01,sarimax,2024-05-31,2024-06-01,67706.9375,67501.1734941404,2024-05-31,205.76400585960073
base_01,sarimax,2024-06-01,2024-06-02,67751.6015625,67696.07198054636,2024-06-01,55.529581953640445
base_01,sarimax,2024-06-02,2024-06-03,68804.78125,67754.34418245956,2024-06-02,1050.4370675404352
base_01,sarimax,2024-06-03,2024-06-04,70567.765625,68805.32840501121,2024-06-03,1762.4372199887875
base_01,sarimax,2024-06-04,2024-06-05,71082.8203125,70580.94981197098,2024-06-04,501.87050052902487
base_01,sarimax,2024-06-05,2024-06-06,70757.1640625,71105.35064504384,2024-06-05,-348.18658254384354
base_01,sarimax,2024-06-06,2024-06-07,69342.5859375,70763.61515198347,2024-06-06,-1421.0292144834675
base_01,sarimax,2024-06-07,2024-06-08,69305.7734375,69338.62589681562,2024-06-07,-32.852459315618034
base_01,sarimax,2024-06-08,2024-06-09,69647.9921875,69288.17634636995,2024-06-08,359.81584113005374
base_01,sarimax,2024-06-09,2024-06-10,69512.28125,69647.67019803288,2024-06-09,-135.38894803287985
base_01,sarimax,2024-06-10,2024-06-11,67332.03125,69516.46616969886,2024-06-10,-2184.4349196988624
base_01,sarimax,2024-06-11,2024-06-12,68241.1875,67330.42686307605,2024-06-11,910.7606369239511
base_01,sarimax,2024-06-12,2024-06-13,66756.3984375,68215.53925990274,2024-06-12,-1459.14082240274
base_01,sarimax,2024-06-13,2024-06-14,66011.09375,66768.3328495692,2024-06-13,-757.2390995691967
base_01,sarimax,2024-06-14,2024-06-15,66191.0,65992.12838062098,2024-06-14,198.87161937901692
base_01,sarimax,2024-06-15,2024-06-16,66639.046875,66181.68938451227,2024-06-15,457.3574904877314
base_01,sarimax,2024-06-16,2024-06-17,66490.296875,66641.3183928482,2024-06-16,-151.02151784820308
base_01,sarimax,2024-06-17,2024-06-18,65140.74609375,66495.85417499187,2024-06-17,-1355.1080812418659
base_01,sarimax,2024-06-18,2024-06-19,64960.296875,65138.97095296513,2024-06-18,-178.67407796512998
base_01,sarimax,2024-06-19,2024-06-20,64828.65625,64943.91811745348,2024-06-19,-115.26186745348241
base_01,sarimax,2024-06-20,2024-06-21,64096.19921875,64826.3703039209,2024-06-20,-730.1710851708995
base_01,sarimax,2024-06-21,2024-06-22,64252.578125,64094.69547942149,2024-06-21,157.88264557850925
base_01,sarimax,2024-06-22,2024-06-23,63180.796875,64243.66377619564,2024-06-22,-1062.8669011956372
base_01,sarimax,2024-06-23,2024-06-24,60277.4140625,63182.499665451774,2024-06-23,-2905.0856029517745
base_01,sarimax,2024-06-24,2024-06-25,61804.640625,60263.992930781715,2024-06-24,1540.6476942182853
base_01,sarimax,2024-06-25,2024-06-26,60811.27734375,61770.27007986681,2024-06-25,-958.9927361168084
base_01,sarimax,2024-06-26,2024-06-27,61604.80078125,60830.90103294768,2024-06-26,773.8997483023195
base_01,sarimax,2024-06-27,2024-06-28,60320.13671875,61591.7593421232,2024-06-27,-1271.6226233732013
base_01,sarimax,2024-06-28,2024-06-29,60887.37890625,60331.217609817315,2024-06-28,556.161296432685
base_01,sarimax,2024-06-29,2024-06-30,62678.29296875,60869.31737844426,2024-06-29,1808.9755903057376
base_01,sarimax,2024-06-30,2024-07-01,62851.98046875,62685.74512671922,2024-06-30,166.23534203077725
base_01,sarimax,2024-07-01,2024-07-02,62029.015625,62875.40034351171,2024-07-01,-846.384718511712
base_01,sarimax,2024-07-02,2024-07-03,60173.921875,62031.16280594444,2024-07-02,-1857.240930944441
base_01,sarimax,2024-07-03,2024-07-04,56977.703125,60163.854598483034,2024-07-03,-3186.1514734830344
base_01,sarimax,2024-07-04,2024-07-05,56662.375,56952.3634073524,2024-07-04,-289.9884073524008
base_01,sarimax,2024-07-05,2024-07-06,58303.5390625,56619.924295288554,2024-07-05,1683.6147672114457
base_01,sarimax,2024-07-06,2024-07-07,55849.109375,58299.3000089316,2024-07-06,-2450.1906339315974
base_01,sarimax,2024-07-07,2024-07-08,56705.09765625,55868.02023970871,2024-07-07,837.0774165412877
base_01,sarimax,2024-07-08,2024-07-09,58009.2265625,56675.25536086954,2024-07-08,1333.971201630462
base_01,sarimax,2024-07-09,2024-07-10,57742.49609375,58018.86061939734,2024-07-09,-276.3645256473392
base_01,sarimax,2024-07-10,2024-07-11,57344.9140625,57757.35612848062,2024-07-10,-412.4420659806201
base_01,sarimax,2024-07-11,2024-07-12,57899.46484375,57341.57822838023,2024-07-11,557.8866153697672
base_01,sarimax,2024-07-12,2024-07-13,59231.953125,57895.22419307179,2024-07-12,1336.7289319282136
base_01,sarimax,2024-07-13,2024-07-14,60787.79296875,59238.03442374134,2024-07-13,1549.7585450086626
base_01,sarimax,2024-07-14,2024-07-15,64870.15234375,60802.333552066855,2024-07-14,4067.818791683145
base_01,sarimax,2024-07-15,2024-07-16,65097.1484375,64890.86726204999,2024-07-15,206.28117545000714
base_01,sarimax,2024-07-16,2024-07-17,64118.79296875,65149.43183602546,2024-07-16,-1030.638867275462
base_01,sarimax,2024-07-17,2024-07-18,63974.06640625,64122.37480518531,2024-07-17,-148.30839893531083
base_01,sarimax,2024-07-18,2024-07-19,66710.15625,63962.58197220953,2024-07-18,2747.574277790467
base_01,sarimax,2024-07-19,2024-07-20,67163.6484375,66708.75233782754,2024-07-19,454.8960996724636
base_01,sarimax,2024-07-20,2024-07-21,68154.5234375,67192.67749193907,2024-07-20,961.8459455609263
base_01,sarimax,2024-07-21,2024-07-22,67585.25,68159.79229779552,2024-07-21,-574.5422977955168
base_01,sarimax,2024-07-22,2024-07-23,65927.671875,67596.59611617684,2024-07-22,-1668.9242411768355
base_01,sarimax,2024-07-23,2024-07-24,65372.1328125,65921.49467405376,2024-07-23,-549.3618615537562
base_01,sarimax,2024-07-24,2024-07-25,65777.2265625,65353.92673202021,2024-07-24,423.2998304797875
base_01,sarimax,2024-07-25,2024-07-26,67912.0625,65771.30483338918,2024-07-25,2140.7576666108216
base_01,sarimax,2024-07-26,2024-07-27,67813.3359375,67916.13696299828,2024-07-26,-102.80102549828007
base_01,sarimax,2024-07-27,2024-07-28,68255.8671875,67835.32590627066,2024-07-27,420.54128122933616
base_01,sarimax,2024-07-28,2024-07-29,66819.9140625,68254.77288799582,2024-07-28,-1434.8588254958158
base_01,sarimax,2024-07-29,2024-07-30,66201.015625,66824.71658173706,2024-07-29,-623.7009567370551
base_01,sarimax,2024-07-30,2024-07-31,64619.25,66185.77662607084,2024-07-30,-1566.526626070845
base_01,sarimax,2024-07-31,2024-08-01,65357.5,64612.212301150554,2024-07-31,745.2876988494463
base_01,sarimax,2024-08-01,2024-08-02,61415.06640625,65339.78357017498,2024-08-01,-3924.717163924979
base_01,sarimax,2024-08-02,2024-08-03,60680.09375,61424.891441398424,2024-08-02,-744.7976913984239
base_01,sarimax,2024-08-03,2024-08-04,58116.9765625,60627.69969795655,2024-08-03,-2510.723135456552
base_01,sarimax,2024-08-04,2024-08-05,53991.45703125,58104.471678887145,2024-08-04,-4113.014647637145
base_01,sarimax,2024-08-05,2024-08-06,56034.31640625,53945.16602617907,2024-08-05,2089.1503800709324
base_01,sarimax,2024-08-06,2024-08-07,55027.4609375,55968.07751383264,2024-08-06,-940.6165763326426
base_01,sarimax,2024-08-07,2024-08-08,61710.13671875,55063.35142518119,2024-08-07,6646.785293568813
base_01,sarimax,2024-08-08,2024-08-09,60880.11328125,61687.46678547242,2024-08-08,-807.3535042224175
base_01,sarimax,2024-08-09,2024-08-10,60945.8125,61032.34921171071,2024-08-09,-86.53671171070891
base_01,sarimax,2024-08-10,2024-08-11,58719.484375,60926.73765216962,2024-08-10,-2207.2532771696206
base_01,sarimax,2024-08-11,2024-08-12,59354.515625,58720.96053786729,2024-08-11,633.5550871327068
base_01,sarimax,2024-08-12,2024-08-13,60609.56640625,59302.87839063377,2024-08-12,1306.6880156162297
base_01,sarimax,2024-08-13,2024-08-14,58737.26953125,60623.68246318264,2024-08-13,-1886.4129319326385
base_01,sarimax,2024-08-14,2024-08-15,57560.09765625,58764.57972310774,2024-08-14,-1204.4820668577377
base_01,sarimax,2024-08-15,2024-08-16,58894.10546875,57520.28673439249,2024-08-15,1373.8187343575119
base_01,sarimax,2024-08-16,2024-08-17,59478.97265625,58870.341911535295,2024-08-16,608.6307447147046
base_01,sarimax,2024-08-17,2024-08-18,58483.96484375,59505.6780634666,2024-08-17,-1021.7132197165993
base_01,sarimax,2024-08-18,2024-08-19,59493.453125,58495.19627892496,2024-08-18,998.2568460750408
base_01,sarimax,2024-08-19,2024-08-20,59012.79296875,59473.95139881482,2024-08-19,-461.15843006481737
base_01,sarimax,2024-08-20,2024-08-21,61175.19140625,59032.98364202897,2024-08-20,2142.207764221028
base_01,sarimax,2024-08-21,2024-08-22,60381.9140625,61165.296030553916,2024-08-21,-783.3819680539164
base_01,sarimax,2024-08-22,2024-08-23,64094.35546875,60426.734483005246,2024-08-22,3667.620985744754
base_01,sarimax,2024-08-23,2024-08-24,64178.9921875,64075.80405890501,2024-08-23,103.18812859499303
base_01,sarimax,2024-08-24,2024-08-25,64333.54296875,64266.789612257344,2024-08-24,66.75335649265617
base_01,sarimax,2024-08-25,2024-08-26,62880.66015625,64335.25898994909,2024-08-25,-1454.5988336990922
base_01,sarimax,2024-08-26,2024-08-27,59504.1328125,62884.575816416895,2024-08-26,-3380.4430039168947
base_01,sarimax,2024-08-27,2024-08-28,59027.625,59469.82070049821,2024-08-27,-442.1957004982105
base_01,sarimax,2024-08-28,2024-08-29,59388.1796875,58947.836708864175,2024-08-28,440.3429786358247
base_01,sarimax,2024-08-29,2024-08-30,59119.4765625,59377.060569475,2024-08-29,-257.58400697499746
base_01,sarimax,2024-08-30,2024-08-31,58969.8984375,59127.84987152791,2024-08-30,-157.9514340279129
base_01,sarimax,2024-08-31,2024-09-01,57325.48828125,58963.610792334504,2024-08-31,-1638.1225110845044
base_01,sarimax,2024-09-01,2024-09-02,59112.48046875,57322.04038640676,2024-09-01,1790.440082343237
base_01,sarimax,2024-09-02,2024-09-03,57431.0234375,59074.36013521056,2024-09-02,-1643.3366977105616
base_01,sarimax,2024-09-03,2024-09-04,57971.5390625,57474.036096604534,2024-09-03,497.50296589546633
base_01,sarimax,2024-09-04,2024-09-05,56160.48828125,57930.50644659442,2024-09-04,-1770.0181653444233
base_01,sarimax,2024-09-05,2024-09-06,53948.75390625,56174.304606652295,2024-09-05,-2225.5507004022948
base_01,sarimax,2024-09-06,2024-09-07,54139.6875,53903.28390351566,2024-09-06,236.40359648434242
base_01,sarimax,2024-09-07,2024-09-08,54841.56640625,54084.518084570234,2024-09-07,757.0483216797656
base_01,sarimax,2024-09-08,2024-09-09,57019.53515625,54846.41184708532,2024-09-08,2173.123309164679
base_01,sarimax,2024-09-09,2024-09-10,57648.7109375,57036.794832559535,2024-09-09,611.9161049404647
base_01,sarimax,2024-09-10,2024-09-11,57343.171875,57702.19709325365,2024-09-10,-359.02521825364965
base_01,sarimax,2024-09-11,2024-09-12,58127.01171875,57358.51496555474,2024-09-11,768.496753195257
base_01,sarimax,2024-09-12,2024-09-13,60571.30078125,58119.4670883056,2024-09-12,2451.8336929443976
base_01,sarimax,2024-09-13,2024-09-14,60005.12109375,60590.39168662438,2024-09-13,-585.2705928743817
base_01,sarimax,2024-09-14,2024-09-15,59182.8359375,60064.00286647443,2024-09-14,-881.1669289744314
base_01,sarimax,2024-09-15,2024-09-16,58192.5078125,59169.56568597133,2024-09-15,-977.0578734713272
base_01,sarimax,2024-09-16,2024-09-17,60308.5390625,58173.26963496802,2024-09-16,2135.269427531981
base_01,sarimax,2024-09-17,2024-09-18,61649.6796875,60285.7199342712,2024-09-17,1363.9597532288026
base_01,sarimax,2024-09-18,2024-09-19,62940.45703125,61697.33647618655,2024-09-18,1243.1205550634477
base_01,sarimax,2024-09-19,2024-09-20,63192.9765625,62971.901070522166,2024-09-19,221.07549197783374
base_01,sarimax,2024-09-20,2024-09-21,63394.83984375,63223.33749144415,2024-09-20,171.50235230584804
base_01,sarimax,2024-09-21,2024-09-22,63648.7109375,63400.57437117216,2024-09-21,248.13656632784114
base_01,sarimax,2024-09-22,2024-09-23,63329.80078125,63653.73107274628,2024-09-22,-323.93029149628273
base_01,sarimax,2024-09-23,2024-09-24,64301.96875,63335.60184611578,2024-09-23,966.3669038842199
base_01,sarimax,2024-09-24,2024-09-25,63143.14453125,64294.46142040035,2024-09-24,-1151.316889150352
base_01,sarimax,2024-09-25,2024-09-26,65181.01953125,63166.40453858619,2024-09-25,2014.61499266381
base_01,sarimax,2024-09-26,2024-09-27,65790.6640625,65152.53928286773,2024-09-26,638.1247796322714
base_01,sarimax,2024-09-27,2024-09-28,65887.6484375,65840.15570385661,2024-09-27,47.49273364339024
base_01,sarimax,2024-09-28,2024-09-29,65635.3046875,65902.48926602089,2024-09-28,-267.18457852088613
base_01,sarimax,2024-09-29,2024-09-30,63329.5,65637.64649523147,2024-09-29,-2308.146495231471
base_01,sarimax,2024-09-30,2024-10-01,60837.0078125,63323.357229507725,2024-09-30,-2486.3494170077247
base_01,sarimax,2024-10-01,2024-10-02,60632.78515625,60781.01756135106,2024-10-01,-148.23240510105825
base_01,sarimax,2024-10-02,2024-10-03,60759.40234375,60571.62525357852,2024-10-02,187.777090171483
base_01,sarimax,2024-10-03,2024-10-04,62067.4765625,60754.447055056844,2024-10-03,1313.029507443156
base_01,sarimax,2024-10-04,2024-10-05,62089.94921875,62070.43453214221,2024-10-04,19.5146866077921
base_01,sarimax,2024-10-05,2024-10-06,62818.953125,62121.74779369342,2024-10-05,697.2053313065771
