origin_time,target_time,residuo_sarimax,erro_absoluto_sarimax,erro_quadratico_sarimax
2022-06-08,2022-06-09,-131.92294609047894,131.92294609047894,17403.663705191415
2022-06-09,2022-06-10,-1031.6759675874928,1031.6759675874928,1064355.3020975895
2022-06-10,2022-06-11,-755.3987684527274,755.3987684527274,570627.2993798972
2022-06-11,2022-06-12,-1621.2677810104433,1621.2677810104433,2628509.217742527
2022-06-12,2022-06-13,-4325.7892583963985,4325.7892583963985,18712452.708057664
2022-06-13,2022-06-14,-416.40388671172695,416.40388671172695,173392.19686863275
2022-06-14,2022-06-15,357.5636865861052,357.5636865861052,127851.78996504645
2022-06-15,2022-06-16,-2179.965605727022,2179.965605727022,4752250.042152783
2022-06-16,2022-06-17,20.62869955095448,20.62869955095448,425.54324516354956
2022-06-17,2022-06-18,-1451.167516824058,1451.167516824058,2105887.161885303
2022-06-18,2022-06-19,1489.6423619357556,1489.6423619357556,2219034.366473537
2022-06-19,2022-06-20,94.96972002133771,94.96972002133771,9019.247720931273
2022-06-20,2022-06-21,112.45259275911667,112.45259275911667,12645.585618247738
2022-06-21,2022-06-22,-719.9702239851977,719.9702239851977,518357.1234252957
2022-06-22,2022-06-23,1075.7951952639196,1075.7951952639196,1157335.302152935
2022-06-23,2022-06-24,180.80452941417752,180.80452941417752,32690.277856682183
2022-06-24,2022-06-25,275.0827533894044,275.0827533894044,75670.52121229588
2022-06-25,2022-06-26,-466.2366576429522,466.2366576429522,217376.62093007143
2022-06-26,2022-06-27,-307.1305968031338,307.1305968031338,94329.20349264915
2022-06-27,2022-06-28,-463.83972663618624,463.83972663618624,215147.292005932
2022-06-28,2022-06-29,-191.29360216640998,191.29360216640998,36593.24222980074
2022-06-29,2022-06-30,-324.62767805183466,324.62767805183466,105383.12935732561
2022-06-30,2022-07-01,-525.7552318609305,525.7552318609305,276418.5638291408
2022-07-01,2022-07-02,-43.191111565134634,43.191111565134634,1865.4721182319067
2022-07-02,2022-07-03,53.72294502809018,53.72294502809018,2886.1548224911994
2022-07-03,2022-07-04,936.1621898077792,936.1621898077792,876399.6456256964
2022-07-04,2022-07-05,-11.725766750510957,11.725766750510957,137.49360588738827
2022-07-05,2022-07-06,356.9834382756708,356.9834382756708,127437.17520311965
2022-07-06,2022-07-07,1100.5580647531751,1100.5580647531751,1211228.0538932541
2022-07-07,2022-07-08,128.23670655935712,128.23670655935712,16444.652909190663
2022-07-08,2022-07-09,-136.1512624585448,136.1512624585448,18537.166269055553
2022-07-09,2022-07-10,-735.9674847758288,735.9674847758288,541648.1386472598
2022-07-10,2022-07-11,-913.3114654035999,913.3114654035999,834137.832837671
2022-07-11,2022-07-12,-674.6504494578439,674.6504494578439,455153.2289536708
2022-07-12,2022-07-13,867.4613109484126,867.4613109484126,752489.1259923385
2022-07-13,2022-07-14,386.26333055390205,386.26333055390205,149199.360530593
2022-07-14,2022-07-15,277.47885404973204,277.47885404973204,76994.5144447525
2022-07-15,2022-07-16,362.70405122996453,362.70405122996453,131554.22877862875
2022-07-16,2022-07-17,-400.0108392118673,400.0108392118673,160008.67148698235
2022-07-17,2022-07-18,1693.5426580253043,1693.5426580253043,2868086.7345514125
2022-07-18,2022-07-19,957.7093803448988,957.7093803448988,917207.25720061
2022-07-19,2022-07-20,-128.94263049796427,128.94263049796427,16626.201959734546
2022-07-20,2022-07-21,-72.249722813689,72.249722813689,5220.022446654893
2022-07-21,2022-07-22,-451.62999565138307,451.62999565138307,203969.6529720683
2022-07-22,2022-07-23,-263.9192391611832,263.9192391611832,69653.36479941782
2022-07-23,2022-07-24,135.94317801370562,135.94317801370562,18480.547648466054
2022-07-24,2022-07-25,-1243.0575195217934,1243.0575195217934,1545191.996839674
2022-07-25,2022-07-26,-161.4091403278362,161.4091403278362,26052.91058137112
2022-07-26,2022-07-27,1686.8841262287388,1686.8841262287388,2845578.0553224953
2022-07-27,2022-07-28,967.0663812701168,967.0663812701168,935217.385782879
2022-07-28,2022-07-29,-10.44358547077718,10.44358547077718,109.0684774854282
2022-07-29,2022-07-30,-149.56231218461835,149.56231218461835,22368.88522600924
2022-07-30,2022-07-31,-324.1280726224504,324.1280726224504,105059.0074619445
2022-07-31,2022-08-01,-32.718579875523574,32.718579875523574,1070.5054690710163
2022-08-01,2022-08-02,-336.8914275266179,336.8914275266179,113495.83394092246
2022-08-02,2022-08-03,-142.18972928536095,142.18972928536095,20217.919114244236
2022-08-03,2022-08-04,-219.79029619214634,219.79029619214634,48307.77430023142
2022-08-04,2022-08-05,651.5852970177802,651.5852970177802,424563.3992897489
2022-08-05,2022-08-06,-307.18625946630345,307.18625946630345,94363.3980048991
2022-08-06,2022-08-07,204.19511076545677,204.19511076545677,41695.643260517165
2022-08-07,2022-08-08,640.4377406574786,640.4377406574786,410160.4996584558
2022-08-08,2022-08-09,-625.0981682424135,625.0981682424135,390747.7199400207
2022-08-09,2022-08-10,762.8346529706032,762.8346529706032,581916.7077727806
2022-08-10,2022-08-11,34.81522828086963,34.81522828086963,1212.1001202490647
2022-08-11,2022-08-12,445.48016475167606,445.48016475167606,198452.57718718043
2022-08-12,2022-08-13,35.507741789995634,35.507741789995634,1260.7997270250023
2022-08-13,2022-08-14,-104.21541091922336,104.21541091922336,10860.85187306258
2022-08-14,2022-08-15,-185.5342600975564,185.5342600975564,34422.96166994771
2022-08-15,2022-08-16,-259.6132134672698,259.6132134672698,67399.02060680221
2022-08-16,2022-08-17,-555.1916614415386,555.1916614415386,308237.780934216
2022-08-17,2022-08-18,-140.76810549748552,140.76810549748552,19815.659525351213
2022-08-18,2022-08-19,-2338.922776679967,2338.922776679967,5470559.755272326
2022-08-19,2022-08-20,214.20578898922759,214.20578898922759,45884.120036497494
2022-08-20,2022-08-21,377.5734206901252,377.5734206901252,142561.68801164225
2022-08-21,2022-08-22,-123.90052138039027,123.90052138039027,15351.339198332547
2022-08-22,2022-08-23,125.2255164124872,125.2255164124872,15681.4299607741
2022-08-23,2022-08-24,-129.2908672995618,129.2908672995618,16716.1283670729
2022-08-24,2022-08-25,201.96961099897453,201.96961099897453,40791.72376707709
2022-08-25,2022-08-26,-1334.6434551930506,1334.6434551930506,1781273.1524896445
2022-08-26,2022-08-27,-260.57697577904037,260.57697577904037,67900.36030615059
2022-08-27,2022-08-28,-432.0160596138994,432.0160596138994,186637.87576432028
2022-08-28,2022-08-29,667.8673330402089,667.8673330402089,446046.7745422413
2022-08-29,2022-08-30,-479.7007444437186,479.7007444437186,230112.8042198578
2022-08-30,2022-08-31,237.12743899830457,237.12743899830457,56229.42232589465
2022-08-31,2022-09-01,85.36567169654518,85.36567169654518,7287.297904202334
2022-09-01,2022-09-02,-154.89157266221082,154.89157266221082,23991.399281772934
2022-09-02,2022-09-03,-142.7068700298296,142.7068700298296,20365.250753710676
2022-09-03,2022-09-04,150.2934458578602,150.2934458578602,22588.11986782956
2022-09-04,2022-09-05,-169.4606700337863,169.4606700337863,28716.918688299796
2022-09-05,2022-09-06,-980.2231933719413,980.2231933719413,960837.5088242863
2022-09-06,2022-09-07,421.71059849146695,421.71059849146695,177839.82888003124
2022-09-07,2022-09-08,53.96110954298274,53.96110954298274,2911.801343109783
2022-09-08,2022-09-09,2052.4562770428092,2052.4562770428092,4212576.769172429
2022-09-09,2022-09-10,364.6243778134958,364.6243778134958,132950.93689587893
2022-09-10,2022-09-11,97.94326822876974,97.94326822876974,9592.883791332735
2022-09-11,2022-09-12,604.2608657612182,604.2608657612182,365131.1938904969
2022-09-12,2022-09-13,-2054.910705025617,2054.910705025617,4222658.005628878
2022-09-13,2022-09-14,-121.25157205852884,121.25157205852884,14701.943726664611
2022-09-14,2022-09-15,-541.675943838738,541.675943838738,293412.82813358767
2022-09-15,2022-09-16,54.268331165523705,54.268331165523705,2945.0517674909515
2022-09-16,2022-09-17,357.2672473427483,357.2672473427483,127639.8860238645
2022-09-17,2022-09-18,-696.814764944349,696.814764944349,485550.8166444484
2022-09-18,2022-09-19,102.12867103945973,102.12867103945973,10430.265448286182
2022-09-19,2022-09-20,-649.3111062976241,649.3111062976241,421604.91276144446
2022-09-20,2022-09-21,-364.2126272656242,364.2126272656242,132650.8378597285
2022-09-21,2022-09-22,855.3825218608254,855.3825218608254,731679.2587049854
2022-09-22,2022-09-23,-88.51786787860328,88.51786787860328,7835.412933773867
2022-09-23,2022-09-24,-364.2745058637047,364.2745058637047,132695.91562224622
2022-09-24,2022-09-25,-146.3859368472622,146.3859368472622,21428.84250665064
2022-09-25,2022-09-26,416.3427969693694,416.3427969693694,173341.32458827752
2022-09-26,2022-09-27,-98.81274742682217,98.81274742682217,9763.959054036952
2022-09-27,2022-09-28,312.61942501636076,312.61942501636076,97730.90489756002
2022-09-28,2022-09-29,156.37190918731721,156.37190918731721,24452.173982886583
2022-09-29,2022-09-30,-136.64569600458344,136.64569600458344,18672.046236577033
2022-09-30,2022-10-01,-124.16077936007787,124.16077936007787,15415.899131301938
2022-10-01,2022-10-02,-271.79397030347536,271.79397030347536,73871.96229332645
2022-10-02,2022-10-03,570.9798672517718,570.9798672517718,326018.00880685094
2022-10-03,2022-10-04,731.6676464331431,731.6676464331431,535337.5448370149
2022-10-04,2022-10-05,-153.53617024537016,153.53617024537016,23573.35557361529
2022-10-05,2022-10-06,-210.8700536735014,210.8700536735014,44466.17953626536
2022-10-06,2022-10-07,-415.0915664545282,415.0915664545282,172301.008541674
2022-10-07,2022-10-08,-143.25562196322062,143.25562196322062,20522.173224069178
2022-10-08,2022-10-09,25.756873930236907,25.756873930236907,663.4165546581175
2022-10-09,2022-10-10,-304.01807617012673,304.01807617012673,92426.99063818499
2022-10-10,2022-10-11,-99.72588854596688,99.72588854596688,9945.252846282609
2022-10-11,2022-10-12,103.17122406039562,103.17122406039562,10644.301474120355
2022-10-12,2022-10-13,228.8292440852565,228.8292440852565,52362.8229486299
2022-10-13,2022-10-14,-190.10282995476882,190.10282995476882,36139.08595681175
2022-10-14,2022-10-15,-124.28964758825168,124.28964758825168,15447.916497611797
2022-10-15,2022-10-16,196.7339708974796,196.7339708974796,38704.255305090344
2022-10-16,2022-10-17,289.016226815289,289.016226815289,83530.37936254656
2022-10-17,2022-10-18,-207.37219457806714,207.37219457806714,43003.22708412374
2022-10-18,2022-10-19,-201.76802964540548,201.76802964540548,40710.33778698922
2022-10-19,2022-10-20,-91.94585244864356,91.94585244864356,8454.039782507734
2022-10-20,2022-10-21,115.98483860966371,115.98483860966371,13452.482787309738
2022-10-21,2022-10-22,39.51676263322224,39.51676263322224,1561.5745290104296
2022-10-22,2022-10-23,359.91637321561575,359.91637321561575,129539.7957086824
2022-10-23,2022-10-24,-210.01096707500255,210.01096707500255,44104.6062917778
2022-10-24,2022-10-25,743.193240992754,743.193240992754,552336.1934573137
2022-10-25,2022-10-26,698.4833744124007,698.4833744124007,487879.024330534
2022-10-26,2022-10-27,-463.32828353386867,463.32828353386867,214673.098322441
2022-10-27,2022-10-28,294.2131492494518,294.2131492494518,86561.3771912802
2022-10-28,2022-10-29,232.90927079318863,232.90927079318863,54246.72842141487
2022-10-29,2022-10-30,-175.77271950315844,175.77271950315844,30896.048921536018
2022-10-30,2022-10-31,-145.67055198334856,145.67055198334856,21219.909715133454
2022-10-31,2022-11-01,-14.890204701918265,14.890204701918265,221.7181960650288
2022-11-01,2022-11-02,-326.14004715141346,326.14004715141346,106367.3303559262
2022-11-02,2022-11-03,40.179366957203456,40.179366957203456,1614.3815290816128
2022-11-03,2022-11-04,938.8344584260049,938.8344584260049,881410.1403280499
2022-11-04,2022-11-05,165.2229985887534,165.2229985887534,27298.639262659206
2022-11-05,2022-11-06,-351.9873338702382,351.9873338702382,123895.08320507855
2022-11-06,2022-11-07,-334.90792057122235,334.90792057122235,112163.31526134018
2022-11-07,2022-11-08,-2071.8618121923937,2071.8618121923937,4292611.36882115
2022-11-08,2022-11-09,-2725.8746684157486,2725.8746684157486,7430392.707910667
2022-11-09,2022-11-10,1621.6277903622577,1621.6277903622577,2629676.6904751784
2022-11-10,2022-11-11,-498.19990954187597,498.19990954187597,248203.1498675334
2022-11-11,2022-11-12,-252.90233916498983,252.90233916498983,63959.59315512355
2022-11-12,2022-11-13,-452.9875070733651,452.9875070733651,205197.68156454203
2022-11-13,2022-11-14,250.4054943841311,250.4054943841311,62702.91161776111
2022-11-14,2022-11-15,275.1299608685331,275.1299608685331,75696.49536752055
2022-11-15,2022-11-16,-207.0417546143035,207.0417546143035,42866.28815376946
2022-11-16,2022-11-17,11.547377063667227,11.547377063667227,133.34191705050796
2022-11-17,2022-11-18,10.554054193387856,10.554054193387856,111.38805991696778
2022-11-18,2022-11-19,14.370303780822724,14.370303780822724,206.50563075312786
2022-11-19,2022-11-20,-419.5504822034054,419.5504822034054,176022.60711711
2022-11-20,2022-11-21,-517.6044504919519,517.6044504919519,267914.36716907547
2022-11-21,2022-11-22,386.2355977689913,386.2355977689913,149177.93698397002
2022-11-22,2022-11-23,433.98564618959426,433.98564618959426,188343.5410985997
2022-11-23,2022-11-24,6.821983564692346,6.821983564692346,46.53945975693249
2022-11-24,2022-11-25,-82.55918425383425,82.55918425383425,6816.018904658553
2022-11-25,2022-11-26,-60.44227365009647,60.44227365009647,3653.268443993146
2022-11-26,2022-11-27,-21.21929213241674,21.21929213241674,450.25835860084294
2022-11-27,2022-11-28,-228.18347253236425,228.18347253236425,52067.69713692823
2022-11-28,2022-11-29,220.6971776084083,220.6971776084083,48707.24420431732
2022-11-29,2022-11-30,730.579695553799,730.579695553799,533746.6915554815
2022-11-30,2022-12-01,-178.2502115449097,178.2502115449097,31773.137915805055
2022-12-01,2022-12-02,114.86446661667287,114.86446661667287,13193.845691132756
2022-12-02,2022-12-03,-176.28435236611404,176.28435236611404,31076.172889140256
2022-12-03,2022-12-04,216.23387356850435,216.23387356850435,46757.08807843993
2022-12-04,2022-12-05,-148.30458770560654,148.30458770560654,21994.250734529942
2022-12-05,2022-12-06,109.42144797973015,109.42144797973015,11973.05327798079
2022-12-06,2022-12-07,-237.41257427788878,237.41257427788878,56364.730425254056
2022-12-07,2022-12-08,377.3550450184666,377.3550450184666,142396.83000088896
2022-12-08,2022-12-09,-87.74277836372494,87.74277836372494,7698.795154985757
2022-12-09,2022-12-10,-7.985828257085814,7.985828257085814,63.773452951670244
2022-12-10,2022-12-11,-24.29475939576878,24.29475939576878,590.2353340982953
2022-12-11,2022-12-12,101.09284595218924,101.09284595218924,10219.763502713064
2022-12-12,2022-12-13,578.4972304208568,578.4972304208568,334659.04560460185
2022-12-13,2022-12-14,52.20897530519869,52.20897530519869,2725.777102418847
2022-12-14,2022-12-15,-449.371911738217,449.371911738217,201935.1150592599
2022-12-15,2022-12-16,-732.0149412567989,732.0149412567989,535845.8742231948
2022-12-16,2022-12-17,125.18756098603626,125.18756098603626,15671.925425632548
2022-12-17,2022-12-18,-32.7219775274898,32.7219775274898,1070.7278133095474
2022-12-18,2022-12-19,-319.1975667191655,319.1975667191655,101887.0865994361
2022-12-19,2022-12-20,456.24813471970265,456.24813471970265,208162.36043520793
2022-12-20,2022-12-21,-73.66050571612504,73.66050571612504,5425.87010235529
2022-12-21,2022-12-22,9.65897778242288,9.65897778242288,93.29585180133883
2022-12-22,2022-12-23,-32.64912792254108,32.64912792254108,1065.965554102452
2022-12-23,2022-12-24,49.41243458023382,49.41243458023382,2441.588691145887
2022-12-24,2022-12-25,-3.827338483690255,3.827338483690255,14.648519868736422
2022-12-25,2022-12-26,77.30542845240052,77.30542845240052,5976.129268209216
2022-12-26,2022-12-27,-199.8337323444175,199.8337323444175,39933.5205827003
2022-12-27,2022-12-28,-171.36397206852052,171.36397206852052,29365.61092310068
2022-12-28,2022-12-29,84.8858464492514,84.8858464492514,7205.606927405887
2022-12-29,2022-12-30,-37.230650719153346,37.230650719153346,1386.1213529715935
2022-12-30,2022-12-31,-56.03819714680503,56.03819714680503,3140.2795394641876
2022-12-31,2023-01-01,75.5279279639908,75.5279279639908,5704.467902533785
2023-01-01,2023-01-02,66.16189441979805,66.16189441979805,4377.396273216504
2023-01-02,2023-01-03,-6.911747262522113,6.911747262522113,47.77225022098192
2023-01-03,2023-01-04,183.40973260938335,183.40973260938335,33639.1300158455
2023-01-04,2023-01-05,-20.978166203851288,20.978166203851288,440.08345727640835
2023-01-05,2023-01-06,114.67091067988076,114.67091067988076,13149.417756153192
2023-01-06,2023-01-07,6.493231520471454,6.493231520471454,42.16205557844403
2023-01-07,2023-01-08,136.42718268053795,136.42718268053795,18612.376174148874
2023-01-08,2023-01-09,109.47065182481674,109.47065182481674,11983.823610950252
2023-01-09,2023-01-10,253.3301963877093,253.3301963877093,64176.18840183536
2023-01-10,2023-01-11,496.2810646629332,496.2810646629332,246294.89514297448
2023-01-11,2023-01-12,950.4316543439345,950.4316543439345,903320.3295789482
2023-01-12,2023-01-13,1069.3957617280612,1069.3957617280612,1143607.2952019402
2023-01-13,2023-01-14,1099.9282500904555,1099.9282500904555,1209842.1553470518
2023-01-14,2023-01-15,-61.90229854680001,61.90229854680001,3831.894565377159
2023-01-15,2023-01-16,285.9806395467858,285.9806395467858,81784.92619558865
2023-01-16,2023-01-17,0.8878971892700065,0.8878971892700065,0.7883614187135777
2023-01-17,2023-01-18,-472.85260262057636,472.85260262057636,223589.5838050527
2023-01-18,2023-01-19,382.86211977621497,382.86211977621497,146583.40275953678
2023-01-19,2023-01-20,1602.5740343016732,1602.5740343016732,2568243.5354179405
2023-01-20,2023-01-21,151.33567165760542,151.33567165760542,22902.485516058554
2023-01-21,2023-01-22,-53.92389210977126,53.92389210977126,2907.786140266251
2023-01-22,2023-01-23,212.11569832520763,212.11569832520763,44993.069475990495
2023-01-23,2023-01-24,-291.08088530102395,291.08088530102395,84728.08178762786
2023-01-24,2023-01-25,471.8269071568611,471.8269071568611,222620.63031720926
2023-01-25,2023-01-26,-69.67158625802767,69.67158625802767,4854.129931709791
2023-01-26,2023-01-27,43.084857735724654,43.084857735724654,1856.3049661076325
2023-01-27,2023-01-28,-46.00958309631096,46.00958309631096,2116.8817366963435
2023-01-28,2023-01-29,741.7920477158004,741.7920477158004,550255.4420544003
2023-01-29,2023-01-30,-910.6496218762004,910.6496218762004,829282.7338232668
2023-01-30,2023-01-31,269.24516193394084,269.24516193394084,72492.95722483403
2023-01-31,2023-02-01,594.2904321637034,594.2904321637034,353181.1177613213
2023-02-01,2023-02-02,-233.66985517801731,233.66985517801731,54601.60121891559
2023-02-02,2023-02-03,-30.269841604440444,30.269841604440444,916.2633107579136
2023-02-03,2023-02-04,-118.44309875209728,118.44309875209728,14028.76764199907
2023-02-04,2023-02-05,-379.6596378564718,379.6596378564718,144141.44061730732
2023-02-05,2023-02-06,-207.73892435585367,207.73892435585367,43155.46069252709
2023-02-06,2023-02-07,498.240342170222,498.240342170222,248243.43856589988
2023-02-07,2023-02-08,-309.13397567768334,309.13397567768334,95563.81491829052
2023-02-08,2023-02-09,-1130.4699122564562,1130.4699122564562,1277962.2225171197
2023-02-09,2023-02-10,-203.6002595468999,203.6002595468999,41453.06568756501
2023-02-10,2023-02-11,214.62736274005147,214.62736274005147,46064.904836749636
2023-02-11,2023-02-12,-75.94542053509576,75.94542053509576,5767.706900252545
2023-02-12,2023-02-13,17.50134642667399,17.50134642667399,306.29712674645447
2023-02-13,2023-02-14,413.11658907471065,413.11658907471065,170665.31616872334
2023-02-14,2023-02-15,2100.353906873901,2100.353906873901,4411486.53412046
2023-02-15,2023-02-16,-618.3529999620005,618.3529999620005,382360.43256200576
2023-02-16,2023-02-17,920.4715128609932,920.4715128609932,847267.8059886056
2023-02-17,2023-02-18,105.57145681314432,105.57145681314432,11145.332493649597
2023-02-18,2023-02-19,-311.29426733964647,311.29426733964647,96904.12087852729
2023-02-19,2023-02-20,491.6036920647384,491.6036920647384,241674.19005168215
2023-02-20,2023-02-21,-376.9018909420229,376.9018909420229,142055.03539567252
2023-02-21,2023-02-22,-259.99278245579626,259.99278245579626,67596.246929107
2023-02-22,2023-02-23,-249.16508754519236,249.16508754519236,62083.240851403374
2023-02-23,2023-02-24,-757.051441969481,757.051441969481,573126.8857880704
2023-02-24,2023-02-25,-46.499775967098685,46.499775967098685,2162.2291649903686
2023-02-25,2023-02-26,385.13416251320086,385.13416251320086,148328.32313474463
2023-02-26,2023-02-27,-26.10865791385004,26.10865791385004,681.6620180624442
2023-02-27,2023-02-28,-376.7500892661592,376.7500892661592,141940.62976205893
2023-02-28,2023-03-01,487.29343633020835,487.29343633020835,237454.89309050282
2023-03-01,2023-03-02,-155.22260632331745,155.22260632331745,24094.05751380359
2023-03-02,2023-03-03,-1118.272178570678,1118.272178570678,1250532.6653652105
2023-03-03,2023-03-04,-44.59225706419238,44.59225706419238,1988.4693900790153
2023-03-04,2023-03-05,81.89281334960833,81.89281334960833,6706.432878313789
2023-03-05,2023-03-06,-3.1712156355533807,3.1712156355533807,10.056608607178232
2023-03-06,2023-03-07,-210.15409149917105,210.15409149917105,44164.74217384196
2023-03-07,2023-03-08,-508.3724790182423,508.3724790182423,258442.5774231532
2023-03-08,2023-03-09,-1370.9530818252279,1370.9530818252279,1879512.35256609
2023-03-09,2023-03-10,-218.789910336709,218.789910336709,47869.02486514516
2023-03-10,2023-03-11,439.688221239423,439.688221239423,193325.7318966878
2023-03-11,2023-03-12,1545.5850126652003,1545.5850126652003,2388833.0313752876
2023-03-12,2023-03-13,2082.257533472046,2082.257533472046,4335796.435701088
2023-03-13,2023-03-14,612.9290744580794,612.9290744580794,375682.05031603784
2023-03-14,2023-03-15,-352.69179776061355,352.69179776061355,124391.50420761353
2023-03-15,2023-03-16,665.0265865879846,665.0265865879846,442260.3608688662
2023-03-16,2023-03-17,2392.709536920389,2392.709536920389,5725058.928069782
2023-03-17,2023-03-18,-382.90652902196234,382.90652902196234,146617.40996764688
2023-03-18,2023-03-19,1058.1942915513828,1058.1942915513828,1119775.158671933
2023-03-19,2023-03-20,-237.28295190651988,237.28295190651988,56303.19926547183
2023-03-20,2023-03-21,399.77855851893764,399.77855851893764,159822.89585147964
2023-03-21,2023-03-22,-855.2032606223838,855.2032606223838,731372.616979157
2023-03-22,2023-03-23,998.7305566130453,998.7305566130453,997462.7247126034
2023-03-23,2023-03-24,-807.793287777793,807.793287777793,652529.9957788563
2023-03-24,2023-03-25,-25.65260628019314,25.65260628019314,658.0562089666046
2023-03-25,2023-03-26,500.1168116693261,500.1168116693261,250116.82531429222
2023-03-26,2023-03-27,-839.0229588779839,839.0229588779839,703959.5255243671
2023-03-27,2023-03-28,101.5130143005008,101.5130143005008,10304.89207237368
2023-03-28,2023-03-29,1084.0585619855483,1084.0585619855483,1175182.9658141749
2023-03-29,2023-03-30,-280.27162116609543,280.27162116609543,78552.1816310713
2023-03-30,2023-03-31,434.53075740172426,434.53075740172426,188816.97912811613
2023-03-31,2023-04-01,-52.9081195450417,52.9081195450417,2799.2691137924235
2023-04-01,2023-04-02,-214.3153177009226,214.3153177009226,45931.05540124739
2023-04-02,2023-04-03,-415.3619747158482,415.3619747158482,172525.5700398489
2023-04-03,2023-04-04,364.4558096464898,364.4558096464898,132828.0371850784
2023-04-04,2023-04-05,22.345427258169366,22.345427258169366,499.3181193501385
2023-04-05,2023-04-06,-134.00965971348342,134.00965971348342,17958.58889652362
2023-04-06,2023-04-07,-122.0567055765714,122.0567055765714,14897.839376205837
2023-04-07,2023-04-08,17.722746935876785,17.722746935876785,314.09575895313
2023-04-08,2023-04-09,386.41439894991345,386.41439894991345,149316.08771582288
2023-04-09,2023-04-10,1331.702148654138,1331.702148654138,1773430.612730048
2023-04-10,2023-04-11,624.4056310093765,624.4056310093765,389882.3920362177
2023-04-11,2023-04-12,-78.05124830553177,78.05124830553177,6091.997362051777
2023-04-12,2023-04-13,257.43746977689443,257.43746977689443,66274.05084512943
2023-04-13,2023-04-14,94.42912476023048,94.42912476023048,8916.859602983173
2023-04-14,2023-04-15,-164.02044609943187,164.02044609943187,26902.706738656634
2023-04-15,2023-04-16,-8.883510163868777,8.883510163868777,78.91675283155988
2023-04-16,2023-04-17,-869.9669670814837,869.9669670814837,756842.5238129555
2023-04-17,2023-04-18,924.4389242371872,924.4389242371872,854587.3246448078
2023-04-18,2023-04-19,-1544.1282292434116,1544.1282292434116,2384331.988346394
2023-04-19,2023-04-20,-627.2675194641888,627.2675194641888,393464.54097475647
2023-04-20,2023-04-21,-986.6879836212756,986.6879836212756,973553.1770226187
2023-04-21,2023-04-22,509.1792768255182,509.1792768255182,259263.53594855766
2023-04-22,2023-04-23,-208.23633418057216,208.23633418057216,43362.37087296292
2023-04-23,2023-04-24,-73.97601312643746,73.97601312643746,5472.450518082848
2023-04-24,2023-04-25,780.9233969171655,780.9233969171655,609841.3518526448
2023-04-25,2023-04-26,139.19038978736353,139.19038978736353,19373.964609158193
2023-04-26,2023-04-27,1055.4162914172302,1055.4162914172302,1113903.5481888999
2023-04-27,2023-04-28,-100.83311539904389,100.83311539904389,10167.317161076902
2023-04-28,2023-04-29,-95.42840375330707,95.42840375330707,9106.58024290419
2023-04-29,2023-04-30,16.837966260220128,16.837966260220128,283.5171077803114
2023-04-30,2023-05-01,-1176.0253091087106,1176.0253091087106,1383035.5276642384
2023-05-01,2023-05-02,551.0303131924302,551.0303131924302,303634.4060569477
2023-05-02,2023-05-03,345.12342342668126,345.12342342668126,119110.17739775233
2023-05-03,2023-05-04,-148.94907327291003,148.94907327291003,22185.82642885872
2023-05-04,2023-05-05,682.2982721744556,682.2982721744556,465530.9322122475
2023-05-05,2023-05-06,-608.6002926339861,608.6002926339861,370394.31619417353
2023-05-06,2023-05-07,-469.0624668263772,469.0624668263772,220019.5977852462
2023-05-07,2023-05-08,-775.4983927854919,775.4983927854919,601397.757212881
2023-05-08,2023-05-09,-59.10021603475252,59.10021603475252,3492.835535354419
2023-05-09,2023-05-10,-38.62699783730204,38.62699783730204,1492.0449619229366
2023-05-10,2023-05-11,-621.6641212705254,621.6641212705254,386466.2796750545
2023-05-11,2023-05-12,-215.9830204278369,215.9830204278369,46648.66511313141
2023-05-12,2023-05-13,-26.613238639751216,26.613238639751216,708.2644708963471
2023-05-13,2023-05-14,145.40328844753094,145.40328844753094,21142.116291355884
2023-05-14,2023-05-15,267.1972394135373,267.1972394135373,71394.36475021519
2023-05-15,2023-05-16,-148.21920782252346,148.21920782252346,21968.9335675364
2023-05-16,2023-05-17,357.6672572078314,357.6672572078314,127925.86687857304
2023-05-17,2023-05-18,-555.5470208763873,555.5470208763873,308632.49240462907
2023-05-18,2023-05-19,40.3478397469662,40.3478397469662,1627.9481722468656
2023-05-19,2023-05-20,240.93065358549575,240.93065358549575,58047.57983713415
2023-05-20,2023-05-21,-367.8010303740266,367.8010303740266,135277.59794419564
2023-05-21,2023-05-22,85.14946604342185,85.14946604342185,7250.431567479851
2023-05-22,2023-05-23,377.94169440045516,377.94169440045516,142839.92436628704
2023-05-23,2023-05-24,-879.4221747174452,879.4221747174452,773383.3613847606
2023-05-24,2023-05-25,113.47082318707908,113.47082318707908,12875.627714753362
2023-05-25,2023-05-26,247.28293357802613,247.28293357802613,61148.849238954484
2023-05-26,2023-05-27,157.055058082482,157.055058082482,24666.291269291793
2023-05-27,2023-05-28,1221.7335643473925,1221.7335643473925,1492632.9022529842
2023-05-28,2023-05-29,-300.83840449945274,300.83840449945274,90503.74562177634
2023-05-29,2023-05-30,-54.69491740520243,54.69491740520243,2991.5339899619157
2023-05-30,2023-05-31,-483.6770250861664,483.6770250861664,233943.46459620402
2023-05-31,2023-06-01,-415.39868426534304,415.39868426534304,172556.06688937815
2023-06-01,2023-06-02,417.35155206143827,417.35155206143827,174182.31800809142
2023-06-02,2023-06-03,-161.2075618000854,161.2075618000854,25987.87798152835
2023-06-03,2023-06-04,38.74539402797018,38.74539402797018,1501.205558382667
2023-06-04,2023-06-05,-1357.9023659446357,1357.9023659446357,1843898.8354380392
2023-06-05,2023-06-06,1435.8619508938536,1435.8619508938536,2061699.5420247035
2023-06-06,2023-06-07,-846.0459412013151,846.0459412013151,715793.7346232192
2023-06-07,2023-06-08,133.95751159601787,133.95751159601787,17944.614912997262
2023-06-08,2023-06-09,-22.700760002095194,22.700760002095194,515.324504672725
2023-06-09,2023-06-10,-630.0229487079487,630.0229487079487,396928.9158986585
2023-06-10,2023-06-11,68.96029757678843,68.96029757678843,4755.522641879213
2023-06-11,2023-06-12,-34.79959474354109,34.79959474354109,1211.011794314693
2023-06-12,2023-06-13,14.980776989272272,14.980776989272272,224.4236792023096
2023-06-13,2023-06-14,-793.4831596534095,793.4831596534095,629615.5246535582
2023-06-14,2023-06-15,426.45390560943997,426.45390560943997,181862.93360954514
2023-06-15,2023-06-16,765.5290684567663,765.5290684567663,586034.7546522843
2023-06-16,2023-06-17,206.90292909105847,206.90292909105847,42808.82206645957
2023-06-17,2023-06-18,-168.5543486163806,168.5543486163806,28410.568437492362
2023-06-18,2023-06-19,509.1716979269113,509.1716979269113,259255.8179697738
2023-06-19,2023-06-20,1492.9224090487041,1492.9224090487041,2228817.3194397865
2023-06-20,2023-06-21,1746.5238634112466,1746.5238634112466,3050345.6054649465
2023-06-21,2023-06-22,-61.01260782387908,61.01260782387908,3722.5383134704707
2023-06-22,2023-06-23,779.3601782412152,779.3601782412152,607402.2874281787
2023-06-23,2023-06-24,-121.72539289920314,121.72539289920314,14817.071276465374
2023-06-24,2023-06-25,-73.33865065929422,73.33865065929422,5378.557680525996
2023-06-25,2023-06-26,-211.04898713716102,211.04898713716102,44541.674971621556
2023-06-26,2023-06-27,410.14760362078596,410.14760362078596,168221.05675587335
2023-06-27,2023-06-28,-588.417480963537,588.417480963537,346235.13190347434
2023-06-28,2023-06-29,339.70400681807223,339.70400681807223,115398.81224825287
2023-06-29,2023-06-30,43.63897121631089,43.63897121631089,1904.3598088180106
2023-06-30,2023-07-01,113.47573873679357,113.47573873679357,12876.743281861034
2023-07-01,2023-07-02,34.629967545097315,34.629967545097315,1199.2346521744935
2023-07-02,2023-07-03,536.2825577619915,536.2825577619915,287598.9817597437
2023-07-03,2023-07-04,-361.4956519266452,361.4956519266452,130679.10636187023
2023-07-04,2023-07-05,-275.83911815614556,275.83911815614556,76087.21910516002
2023-07-05,2023-07-06,-612.7695015900572,612.7695015900572,375486.4620789271
2023-07-06,2023-07-07,413.33017416266375,413.33017416266375,170841.83287333796
2023-07-07,2023-07-08,-35.539521064256405,35.539521064256405,1263.0575574767247
2023-07-08,2023-07-09,-123.35619299735481,123.35619299735481,15216.750350800648
2023-07-09,2023-07-10,239.85472544940058,239.85472544940058,57530.289320407326
2023-07-10,2023-07-11,213.74832163050814,213.74832163050814,45688.34499985915
2023-07-11,2023-07-12,-222.31982795532167,222.31982795532167,49426.10590208383
2023-07-12,2023-07-13,1076.6807755600857,1076.6807755600857,1159241.4924606679
2023-07-13,2023-07-14,-1107.0972412827432,1107.0972412827432,1225664.3016558606
2023-07-14,2023-07-15,-75.05658813559057,75.05658813559057,5633.491422555676
2023-07-15,2023-07-16,-47.2621614886848,47.2621614886848,2233.71190858252
2023-07-16,2023-07-17,-105.34220232782172,105.34220232782172,11096.979591275729
2023-07-17,2023-07-18,-291.99083625186904,291.99083625186904,85258.6484550658
2023-07-18,2023-07-19,47.57790395369739,47.57790395369739,2263.6569446272533
2023-07-19,2023-07-20,-119.47228390601595,119.47228390601595,14273.626621719677
2023-07-20,2023-07-21,112.24554984831047,112.24554984831047,12599.063460749552
2023-07-21,2023-07-22,-132.61978249612002,132.61978249612002,17588.006709318182
2023-07-22,2023-07-23,307.77033541179117,307.77033541179117,94722.57935948644
2023-07-23,2023-07-24,-897.0716047442729,897.0716047442729,804737.464038465
2023-07-24,2023-07-25,21.017951172096218,21.017951172096218,441.7542714726208
2023-07-25,2023-07-26,129.89281866670717,129.89281866670717,16872.14434118207
2023-07-26,2023-07-27,-140.93718933308264,140.93718933308264,19863.291337109185
2023-07-27,2023-07-28,104.66204885883053,104.66204885883053,10954.144471328229
2023-07-28,2023-07-29,40.45171734695032,40.45171734695032,1636.3414363175611
2023-07-29,2023-07-30,-79.76308253648313,79.76308253648313,6362.14933572182
2023-07-30,2023-07-31,-48.43428381171543,48.43428381171543,2345.8798483537994
2023-07-31,2023-08-01,444.8316544854424,444.8316544854424,197875.20083225603
2023-08-01,2023-08-02,-510.26030483181603,510.26030483181603,260365.57868705783
2023-08-02,2023-08-03,10.682782447165664,10.682782447165664,114.12184081347081
2023-08-03,2023-08-04,-104.2810248951464,104.2810248951464,10874.532153182143
2023-08-04,2023-08-05,-34.75211750197559,34.75211750197559,1207.709670871118
2023-08-05,2023-08-06,-1.8049782132766268,1.8049782132766268,3.257946350403284
2023-08-06,2023-08-07,139.2295002301289,139.2295002301289,19384.853734331464
2023-08-07,2023-08-08,588.8086051641258,588.8086051641258,346695.57351532334
2023-08-08,2023-08-09,-184.93546706255802,184.93546706255802,34201.12697764648
2023-08-09,2023-08-10,-138.91385218257346,138.91385218257346,19297.05832820187
2023-08-10,2023-08-11,-35.51899801317995,35.51899801317995,1261.5992198602814
2023-08-11,2023-08-12,16.709256487043604,16.709256487043604,279.1992523498088
2023-08-12,2023-08-13,-131.94599249564635,131.94599249564635,17409.74493566116
2023-08-13,2023-08-14,120.78418606497507,120.78418606497507,14588.819603378519
2023-08-14,2023-08-15,-233.58434254291933,233.58434254291933,54561.64508120788
2023-08-15,2023-08-16,-476.6578769663902,476.6578769663902,227202.73167410636
2023-08-16,2023-08-17,-2051.5608046567977,2051.5608046567977,4208901.7352040475
2023-08-17,2023-08-18,-680.1720466202823,680.1720466202823,462634.0130036235
2023-08-18,2023-08-19,27.784058698889567,27.784058698889567,771.953917783341
2023-08-19,2023-08-20,94.25705042396658,94.25705042396658,8884.391554626178
2023-08-20,2023-08-21,-61.88646297717787,61.88646297717787,3829.9342998256075
2023-08-21,2023-08-22,-95.15536395319214,95.15536395319214,9054.543289064457
2023-08-22,2023-08-23,397.6401357152936,397.6401357152936,158117.6775316771
2023-08-23,2023-08-24,-257.146544086263,257.146544086263,66124.34513550841
2023-08-24,2023-08-25,-122.71530023410378,122.71530023410378,15059.04491154623
2023-08-25,2023-08-26,-43.35723390926796,43.35723390926796,1879.8497322629755
2023-08-26,2023-08-27,80.49990790371157,80.49990790371157,6480.235172506045
2023-08-27,2023-08-28,18.530801082524704,18.530801082524704,343.39058876009875
2023-08-28,2023-08-29,1622.257508692248,1622.257508692248,2631719.424508379
2023-08-29,2023-08-30,-379.1440211978479,379.1440211978479,143750.18881007415
2023-08-30,2023-08-31,-1379.0982497725163,1379.0982497725163,1901911.9825256178
2023-08-31,2023-09-01,-174.42093207176367,174.42093207176367,30422.661544782797
2023-09-01,2023-09-02,64.34284011712953,64.34284011712953,4140.001074338493
2023-09-02,2023-09-03,102.52458132776883,102.52458132776883,10511.289776434285
2023-09-03,2023-09-04,-153.55707002306735,153.55707002306735,23579.77375406921
2023-09-04,2023-09-05,-37.820794390634546,37.820794390634546,1430.4124883386535
2023-09-05,2023-09-06,-27.369454978765134,27.369454978765134,749.0870658346515
2023-09-06,2023-09-07,485.71070788117504,485.71070788117504,235914.89175043214
2023-09-07,2023-09-08,-318.6840782082181,318.6840782082181,101559.54170342168
2023-09-08,2023-09-09,-21.029897348180384,21.029897348180384,442.25658247500434
2023-09-09,2023-09-10,-63.313135338376014,63.313135338376014,4008.5531063755175
2023-09-10,2023-09-11,-672.03558486982,672.03558486982,451631.8273313211
2023-09-11,2023-09-12,649.8807240273418,649.8807240273418,422344.95546230196
2023-09-12,2023-09-13,415.8845014208018,415.8845014208018,172959.91852202892
2023-09-13,2023-09-14,324.21946798951467,324.21946798951467,105118.26342340393
2023-09-14,2023-09-15,78.54578733953167,78.54578733953167,6169.440708786934
2023-09-15,2023-09-16,-37.89181729102347,37.89181729102347,1435.7898176163053
2023-09-16,2023-09-17,-35.707763586622605,35.707763586622605,1275.0443803581313
2023-09-17,2023-09-18,219.34192724168315,219.34192724168315,48110.88104609583
2023-09-18,2023-09-19,463.4994324619038,463.4994324619038,214831.7238925069
2023-09-19,2023-09-20,-64.30319104326918,64.30319104326918,4134.9003783471735
2023-09-20,2023-09-21,-567.2230235581301,567.2230235581301,321741.958454427
2023-09-21,2023-09-22,-5.643227423723147,5.643227423723147,31.846015755860986
2023-09-22,2023-09-23,-0.08794847791796201,0.08794847791796201,0.0077349347680862515
2023-09-23,2023-09-24,-322.2851699808998,322.2851699808998,103867.73078961749
2023-09-24,2023-09-25,31.131727986405167,31.131727986405167,969.1844874195227
2023-09-25,2023-09-26,-79.60306566010331,79.60306566010331,6336.648062486719
2023-09-26,2023-09-27,132.5829323309954,132.5829323309954,17578.233945485303
2023-09-27,2023-09-28,673.4390773251507,673.4390773251507,453520.19086855033
2023-09-28,2023-09-29,-88.90778855220196,88.90778855220196,7904.594865243054
2023-09-29,2023-09-30,52.96604081597252,52.96604081597252,2805.4014797192667
2023-09-30,2023-10-01,1017.3724478132535,1017.3724478132535,1035046.6975695313
2023-10-01,2023-10-02,-420.47561685489563,420.47561685489563,176799.744369505
2023-10-02,2023-10-03,-115.50622356718668,115.50622356718668,13341.687682752912
2023-10-03,2023-10-04,366.5678217650129,366.5678217650129,134371.9679535463
2023-10-04,2023-10-05,-372.0941508315518,372.0941508315518,138454.05708305363
2023-10-05,2023-10-06,518.816644483355,518.816644483355,269170.71059296804
2023-10-06,2023-10-07,38.81934715406169,38.81934715406169,1506.9417134675573
2023-10-07,2023-10-08,-32.819149529299466,32.819149529299466,1077.0965758265174
2023-10-08,2023-10-09,-352.70761195075465,352.70761195075465,124402.65952800412
2023-10-09,2023-10-10,-203.59067134442012,203.59067134442012,41449.16145847169
2023-10-10,2023-10-11,-524.0087511321253,524.0087511321253,274585.17126304965
2023-10-11,2023-10-12,-132.75094916498347,132.75094916498347,17622.814504204023
2023-10-12,2023-10-13,101.71493018124602,101.71493018124602,10345.927021775751
2023-10-13,2023-10-14,2.8534982386263437,2.8534982386263437,8.142452197843646
2023-10-14,2023-10-15,297.74775914288693,297.74775914288693,88653.72807461061
2023-10-15,2023-10-16,1369.448115613799,1369.448115613799,1875388.141358185
2023-10-16,2023-10-17,-60.74388145773628,60.74388145773628,3689.8191345515174
2023-10-17,2023-10-18,-90.61578310665209,90.61578310665209,8211.220148031814
2023-10-18,2023-10-19,388.61591760112424,388.61591760112424,151022.33141296377
2023-10-19,2023-10-20,975.6511537844599,975.6511537844599,951895.1738809478
2023-10-20,2023-10-21,265.9295820646912,265.9295820646912,70718.54261710134
2023-10-21,2023-10-22,82.9912271922949,82.9912271922949,6887.543790883108
2023-10-22,2023-10-23,3094.6841486835183,3094.6841486835183,9577069.980113033
2023-10-23,2023-10-24,913.5127563986534,913.5127563986534,834505.5561030655
2023-10-24,2023-10-25,626.8810038700321,626.8810038700321,392979.79301309923
2023-10-25,2023-10-26,-326.85584211552487,326.85584211552487,106834.74152504891
2023-10-26,2023-10-27,-258.11071627164347,258.11071627164347,66621.14185426083
2023-10-27,2023-10-28,172.23444087000098,172.23444087000098,29664.702621801865
2023-10-28,2023-10-29,454.33930308367417,454.33930308367417,206424.20232655873
2023-10-29,2023-10-30,-21.608557427149208,21.608557427149208,466.92975408240517
2023-10-30,2023-10-31,163.98080690978531,163.98080690978531,26889.705034784296
2023-10-31,2023-11-01,775.0145870706328,775.0145870706328,600647.6101722636
2023-11-01,2023-11-02,-474.8827978471745,474.8827978471745,225513.67169116042
2023-11-02,2023-11-03,-221.52657462518255,221.52657462518255,49074.02326516657
2023-11-03,2023-11-04,343.142887093476,343.142887093476,117747.04096284603
2023-11-04,2023-11-05,-21.526665573306673,21.526665573306673,463.3973307049867
2023-11-05,2023-11-06,-13.258697271099663,13.258697271099663,175.79305332666567
2023-11-06,2023-11-07,406.04272628393664,406.04272628393664,164870.6955680919
2023-11-07,2023-11-08,224.38248528738768,224.38248528738768,50347.49970374475
2023-11-08,2023-11-09,1044.7616488392305,1044.7616488392305,1091526.9028852675
2023-11-09,2023-11-10,653.5860019226093,653.5860019226093,427174.66190918104
2023-11-10,2023-11-11,-156.08695053431438,156.08695053431438,24363.136127101505
2023-11-11,2023-11-12,-89.28611636112328,89.28611636112328,7972.0105748520455
2023-11-12,2023-11-13,-554.6337604936198,554.6337604936198,307618.608279294
2023-11-13,2023-11-14,-982.4184730790948,982.4184730790948,965146.0562470602
2023-11-14,2023-11-15,2312.530040731108,2312.530040731108,5347795.18928382
2023-11-15,2023-11-16,-1651.563482564161,1651.563482564161,2727661.9369394598
2023-11-16,2023-11-17,387.06454103592114,387.06454103592114,149818.95892734829
2023-11-17,2023-11-18,3.248122958902968,3.248122958902968,10.550302756152572
2023-11-18,2023-11-19,800.2626044531426,800.2626044531426,640420.2360861269
2023-11-19,2023-11-20,116.06636189371056,116.06636189371056,13471.400363241788
2023-11-20,2023-11-21,-1660.567943112561,1660.567943112561,2757485.893693081
2023-11-21,2023-11-22,1566.008509506064,1566.008509506064,2452382.651845404
2023-11-22,2023-11-23,-91.47714675524912,91.47714675524912,8368.068378481385
2023-11-23,2023-11-24,426.1388088067688,426.1388088067688,181594.28437125185
2023-11-24,2023-11-25,90.18648860135727,90.18648860135727,8133.602726242744
2023-11-25,2023-11-26,-315.2800512398535,315.2800512398535,99401.51070980464
2023-11-26,2023-11-27,-235.00803969390108,235.00803969390108,55228.778720770184
2023-11-27,2023-11-28,569.7718351924268,569.7718351924268,324639.94417854596
2023-11-28,2023-11-29,45.7450105709795,45.7450105709795,2092.6059921390265
2023-11-29,2023-11-30,-144.94558353334287,144.94558353334287,21009.222185821276
2023-11-30,2023-12-01,971.4432904144851,971.4432904144851,943702.0664913217
2023-12-01,2023-12-02,818.5145473444863,818.5145473444863,669966.0642145494
2023-12-02,2023-12-03,527.0363503134067,527.0363503134067,277767.314551676
2023-12-03,2023-12-04,2017.6083436245099,2017.6083436245099,4070743.428263238
2023-12-04,2023-12-05,2164.0981088536864,2164.0981088536864,4683320.624744102
2023-12-05,2023-12-06,-267.67483562608686,267.67483562608686,71649.81762745262
2023-12-06,2023-12-07,-464.4048150479357,464.4048150479357,215671.83223970735
2023-12-07,2023-12-08,859.5711494162824,859.5711494162824,738862.560908829
2023-12-08,2023-12-09,-412.87402435623517,412.87402435623517,170464.95998811306
2023-12-09,2023-12-10,39.65728475305514,39.65728475305514,1572.7002339848993
2023-12-10,2023-12-11,-2534.0578090978597,2534.0578090978597,6421448.979849845
2023-12-11,2023-12-12,125.77404521136486,125.77404521136486,15819.110448830454
2023-12-12,2023-12-13,1447.3856559125416,1447.3856559125416,2094925.236941378
2023-12-13,2023-12-14,178.63747316494118,178.63747316494118,31911.346818755082
2023-12-14,2023-12-15,-1089.7796119021878,1089.7796119021878,1187619.602517683
2023-12-15,2023-12-16,275.4059799298848,275.4059799298848,75848.4537811401
2023-12-16,2023-12-17,-865.2986141418223,865.2986141418223,748741.6916357583
2023-12-17,2023-12-18,1230.7577353182933,1230.7577353182933,1514764.603045814
2023-12-18,2023-12-19,-312.6534631277027,312.6534631277027,97752.18800574576
2023-12-19,2023-12-20,1370.0253306746527,1370.0253306746527,1876969.4066901912
2023-12-20,2023-12-21,261.28282745790784,261.28282745790784,68268.71592439884
2023-12-21,2023-12-22,135.0157281841457,135.0157281841457,18229.246857095117
2023-12-22,2023-12-23,-253.67596218123072,253.67596218123072,64351.4937885732
2023-12-23,2023-12-24,-732.2279158317542,732.2279158317542,536157.7207233146
2023-12-24,2023-12-25,574.670035553172,574.670035553172,330245.649762684
2023-12-25,2023-12-26,-1074.3318371969071,1074.3318371969071,1154188.8964148818
2023-12-26,2023-12-27,888.253598202733,888.253598202733,788994.4547201021
2023-12-27,2023-12-28,-786.111767714523,786.111767714523,617971.7113392522
2023-12-28,2023-12-29,-554.0098679144503,554.0098679144503,306926.93374658667
2023-12-29,2023-12-30,40.47473586459091,40.47473586459091,1638.2042433084018
2023-12-30,2023-12-31,110.39895465645532,110.39895465645532,12187.929189238077
2023-12-31,2024-01-01,1905.2926485551434,1905.2926485551434,3630140.076638273
2024-01-01,2024-01-02,851.3040963425665,851.3040963425665,724718.6644496337
2024-01-02,2024-01-03,-2085.1218313607897,2085.1218313607897,4347733.051617374
2024-01-03,2024-01-04,1265.1245334682171,1265.1245334682171,1600540.0851831741
2024-01-04,2024-01-05,24.866181221805164,24.866181221805164,618.3269685556558
2024-01-05,2024-01-06,-173.97023663981963,173.97023663981963,30265.64323651484
2024-01-06,2024-01-07,-51.67651841163024,51.67651841163024,2670.462555147559
2024-01-07,2024-01-08,3026.0268026507692,3026.0268026507692,9156838.210360838
2024-01-08,2024-01-09,-734.7379685371197,734.7379685371197,539839.8824100535
2024-01-09,2024-01-10,461.5019848969532,461.5019848969532,212984.08206382763
2024-01-10,2024-01-11,-243.46139149403461,243.46139149403461,59273.44914821159
2024-01-11,2024-01-12,-3523.9195252350983,3523.9195252350983,12418008.82033316
2024-01-12,2024-01-13,-122.10265784115472,122.10265784115472,14909.059051874103
2024-01-13,2024-01-14,-1046.455567013989,1046.455567013989,1095069.253734569
2024-01-14,2024-01-15,682.4877215169472,682.4877215169472,465789.4900213941
2024-01-15,2024-01-16,665.7836157318743,665.7836157318743,443267.82297700807
2024-01-16,2024-01-17,-392.02207500109216,392.02207500109216,153681.30728816192
2024-01-17,2024-01-18,-1493.5950644435943,1493.5950644435943,2230826.216530265
2024-01-18,2024-01-19,309.2878775926147,309.2878775926147,95658.9912257442
2024-01-19,2024-01-20,58.66719936009031,58.66719936009031,3441.840280756581
2024-01-20,2024-01-21,-118.50421935709892,118.50421935709892,14043.250005435419
2024-01-21,2024-01-22,-2042.0262423920867,2042.0262423920867,4169871.174617945
2024-01-22,2024-01-23,273.28421119675477,273.28421119675477,74684.26008943246
2024-01-23,2024-01-24,242.6081351675166,242.6081351675166,58858.70724946
2024-01-24,2024-01-25,-136.28689887345536,136.28689887345536,18574.118804543446
2024-01-25,2024-01-26,1878.8626859284632,1878.8626859284632,3530124.992574319
2024-01-26,2024-01-27,362.6345354945224,362.6345354945224,131503.80633332804
2024-01-27,2024-01-28,-74.66025387131958,74.66025387131958,5574.153508129891
2024-01-28,2024-01-29,1249.772872527472,1249.772872527472,1561932.2329055686
2024-01-29,2024-01-30,-295.6645334748973,295.6645334748973,87417.51635492868
2024-01-30,2024-01-31,-380.96269989750726,380.96269989750726,145132.5787131982
2024-01-31,2024-02-01,481.74798295913206,481.74798295913206,232081.1190851922
2024-02-01,2024-02-02,125.45011509465257,125.45011509465257,15737.731377261578
2024-02-02,2024-02-03,-189.86494990657957,189.86494990657957,36048.699203027965
2024-02-03,2024-02-04,-415.0703274654006,415.0703274654006,172283.37674223492
2024-02-04,2024-02-05,62.38002668000263,62.38002668000263,3891.26772859784
2024-02-05,2024-02-06,428.15563241994823,428.15563241994823,183317.24557292584
2024-02-06,2024-02-07,1247.2990273430041,1247.2990273430041,1555754.863610804
2024-02-07,2024-02-08,1022.2510895187806,1022.2510895187806,1044997.2900223341
2024-02-08,2024-02-09,1877.0041545460335,1877.0041545460335,3523144.59618307
2024-02-09,2024-02-10,682.4430429106287,682.4430429106287,465728.5068171182
2024-02-10,2024-02-11,542.5310538171179,542.5310538171179,294339.9443559125
2024-02-11,2024-02-12,1680.7703531088628,1680.7703531088628,2824988.9798896913
2024-02-12,2024-02-13,-162.85944743180153,162.85944743180153,26523.199617791724
2024-02-13,2024-02-14,2077.184902469933,2077.184902469933,4314697.119049026
2024-02-14,2024-02-15,178.26431010574743,178.26431010574743,31778.164257478085
2024-02-15,2024-02-16,224.79828427785833,224.79828427785833,50534.26861426881
2024-02-16,2024-02-17,-489.7822503376083,489.7822503376083,239886.65274577157
2024-02-17,2024-02-18,443.36371122118,443.36371122118,196571.38042781787
2024-02-18,2024-02-19,-328.3746083890219,328.3746083890219,107829.88343464349
2024-02-19,2024-02-20,494.3575447232797,494.3575447232797,244389.3820248295
2024-02-20,2024-02-21,-429.1459309243073,429.1459309243073,184166.23002889036
2024-02-21,2024-02-22,-548.8862558870751,548.8862558870751,301276.1219017317
2024-02-22,2024-02-23,-589.4238510724244,589.4238510724244,347420.4762130476
2024-02-23,2024-02-24,820.4501355212196,820.4501355212196,673138.4248767877
2024-02-24,2024-02-25,189.32922880291153,189.32922880291153,35845.55687910523
2024-02-25,2024-02-26,2793.6982248418717,2793.6982248418717,7804749.7714846255
2024-02-26,2024-02-27,2652.1130471632496,2652.1130471632496,7033703.614933537
2024-02-27,2024-02-28,5499.972870747886,5499.972870747886,30249701.578962743
2024-02-28,2024-02-29,-1133.7533023585347,1133.7533023585347,1285396.550608883
2024-02-29,2024-03-01,1199.7411083454645,1199.7411083454645,1439378.7270540034
2024-03-01,2024-03-02,-370.2177848260835,370.2177848260835,137061.20820153228
2024-03-02,2024-03-03,1123.2646049994655,1123.2646049994655,1261723.3728446052
2024-03-03,2024-03-04,5200.39442678434,5200.39442678434,27044102.194129623
2024-03-04,2024-03-05,-4366.613611316017,4366.613611316017,19067314.43053031
2024-03-05,2024-03-06,2162.689857883568,2162.689857883568,4677227.421392447
2024-03-06,2024-03-07,891.3801392084861,891.3801392084861,794558.55257534
2024-03-07,2024-03-08,1400.9052023445547,1400.9052023445547,1962535.3859560378
2024-03-08,2024-03-09,242.06271916313563,242.06271916313563,58594.36000865107
2024-03-09,2024-03-10,527.4686042064131,527.4686042064131,278223.12842346175
2024-03-10,2024-03-11,3120.390443047101,3120.390443047101,9736836.517059684
2024-03-11,2024-03-12,-543.8479219887085,543.8479219887085,295770.5622514364
2024-03-12,2024-03-13,1581.3383877725282,1581.3383877725282,2500631.096643019
2024-03-13,2024-03-14,-1635.5209743950836,1635.5209743950836,2674928.857686244
2024-03-14,2024-03-15,-2047.0198284329672,2047.0198284329672,4190290.1779977344
2024-03-15,2024-03-16,-4151.150743791528,4151.150743791528,17232052.497680955
2024-03-16,2024-03-17,2945.097893506456,2945.097893506456,8673601.602336165
2024-03-17,2024-03-18,-743.459157557445,743.459157557445,552731.5189560258
2024-03-18,2024-03-19,-5663.724712648167,5663.724712648167,32077777.620661564
2024-03-19,2024-03-20,5823.198209488539,5823.198209488539,33909637.386990525
2024-03-20,2024-03-21,-2232.5154349877557,2232.5154349877557,4984125.167458568
2024-03-21,2024-03-22,-1789.2794648282143,1789.2794648282143,3201521.003255941
2024-03-22,2024-03-23,229.01690931659687,229.01690931659687,52448.74475292635
2024-03-23,2024-03-24,3181.1586385469564,3181.1586385469564,10119770.283601925
2024-03-24,2024-03-25,2825.132880905294,2825.132880905294,7981375.794772245
2024-03-25,2024-03-26,115.47618960772525,115.47618960772525,13334.750366319313
2024-03-26,2024-03-27,-531.7444882860436,531.7444882860436,282752.20082258637
2024-03-27,2024-03-28,1272.873103682272,1272.873103682272,1620205.9380777397
2024-03-28,2024-03-29,-811.3061097618629,811.3061097618629,658217.603736928
2024-03-29,2024-03-30,-274.55989907993353,274.55989907993353,75383.13818278328
2024-03-30,2024-03-31,1680.5382351965964,1680.5382351965964,2824208.7599576907
2024-03-31,2024-04-01,-1577.930122866237,1577.930122866237,2489863.472648658
2024-04-01,2024-04-02,-4307.079501614542,4307.079501614542,18550933.83322817
2024-04-02,2024-04-03,398.9842847196269,398.9842847196269,159188.4594532323
2024-04-03,2024-04-04,2545.0918551670766,2545.0918551670766,6477492.551237792
2024-04-04,2024-04-05,-591.0971376275556,591.0971376275556,349395.82611148944
2024-04-05,2024-04-06,1037.1051648165303,1037.1051648165303,1075587.1228891225
2024-04-06,2024-04-07,500.1582244274614,500.1582244274614,250158.24946243083
2024-04-07,2024-04-08,2283.4197077068093,2283.4197077068093,5214005.56154385
2024-04-08,2024-04-09,-2420.159739885872,2420.159739885872,5857173.166564452
2024-04-09,2024-04-10,1369.4022498485283,1369.4022498485283,1875262.5218902112
2024-04-10,2024-04-11,-480.7368602185161,480.7368602185161,231107.92877275706
2024-04-11,2024-04-12,-2882.132326248742,2882.132326248742,8306686.746007986
2024-04-12,2024-04-13,-3464.659066869601,3464.659066869601,12003862.449641732
2024-04-13,2024-04-14,1809.6789657298941,1809.6789657298941,3274937.9590052194
2024-04-14,2024-04-15,-2250.9311594328174,2250.9311594328174,5066691.084505567
2024-04-15,2024-04-16,311.3701293561462,311.3701293561462,96951.35745526322
2024-04-16,2024-04-17,-2521.8846200287226,2521.8846200287226,6359902.036737414
2024-04-17,2024-04-18,2154.511925050145,2154.511925050145,4641921.63518328
2024-04-18,2024-04-19,403.06633087712544,403.06633087712544,162462.46708674837
2024-04-19,2024-04-20,1159.946187370777,1159.946187370777,1345475.1575960014
2024-04-20,2024-04-21,-29.874087855467224,29.874087855467224,892.4611251961743
2024-04-21,2024-04-22,1907.4194198052646,1907.4194198052646,3638248.843050252
2024-04-22,2024-04-23,-368.28180799700203,368.28180799700203,135631.49010154066
2024-04-23,2024-04-24,-2145.632179678767,2145.632179678767,4603737.450473056
2024-04-24,2024-04-25,138.7828282197006,138.7828282197006,19260.673408658928
2024-04-25,2024-04-26,-721.3018909027523,721.3018909027523,520276.41781988606
2024-04-26,2024-04-27,-357.856368327637,357.856368327637,128061.18035264542
2024-04-27,2024-04-28,-317.89310687541,317.89310687541,101056.02739890086
2024-04-28,2024-04-29,719.5011692168046,719.5011692168046,517681.9325043488
2024-04-29,2024-04-30,-3182.439156579232,3182.439156579232,10127918.985328734
2024-04-30,2024-05-01,-2483.364732303329,2483.364732303329,6167100.3936479855
2024-05-01,2024-05-02,792.8377549192446,792.8377549192446,628591.7056253882
2024-05-02,2024-05-03,3795.12252230561,3795.12252230561,14402954.959311295
2024-05-03,2024-05-04,1120.0371935302392,1120.0371935302392,1254483.3148910943
2024-05-04,2024-05-05,172.31510303975665,172.31510303975665,29692.49473560195
2024-05-05,2024-05-06,-865.6767549270444,865.6767549270444,749396.244021018
2024-05-06,2024-05-07,-853.8225691415937,853.8225691415937,729012.9795755516
2024-05-07,2024-05-08,-1173.9590165820555,1173.9590165820555,1378179.7726143068
2024-05-08,2024-05-09,1826.4907177326604,1826.4907177326604,3336068.341963569
2024-05-09,2024-05-10,-2198.8464390505906,2198.8464390505906,4834925.662525463
2024-05-10,2024-05-11,-70.11044755264447,70.11044755264447,4915.474856032111
2024-05-11,2024-05-12,654.2873193678606,654.2873193678606,428091.8962855808
2024-05-12,2024-05-13,1474.2607999222455,1474.2607999222455,2173444.9061873793
2024-05-13,2024-05-14,-1302.9981390139583,1302.9981390139583,1697804.1502738385
2024-05-14,2024-05-15,4672.231261733228,4672.231261733228,21829744.96311727
2024-05-15,2024-05-16,-886.4580953055702,886.4580953055702,785807.9547327793
2024-05-16,2024-05-17,1787.2476719924816,1787.2476719924816,3194254.241042545
2024-05-17,2024-05-18,-53.03922377192066,53.03922377192066,2813.159258327874
2024-05-18,2024-05-19,-666.350053397502,666.350053397502,444022.3936628538
2024-05-19,2024-05-20,5149.187921658187,5149.187921658187,26514136.252550565
2024-05-20,2024-05-21,-1147.8635318878223,1147.8635318878223,1317590.6878379856
2024-05-21,2024-05-22,-1055.9327416959277,1055.9327416959277,1114993.9549854787
2024-05-22,2024-05-23,-1224.7716675756383,1224.7716675756383,1500065.6376960098
2024-05-23,2024-05-24,558.5551677314215,558.5551677314215,311983.87539947644
2024-05-24,2024-05-25,758.9945721404947,758.9945721404947,576072.7605387326
2024-05-25,2024-05-26,-724.6210245861876,724.6210245861876,525075.6292723363
2024-05-26,2024-05-27,852.9127206232661,852.9127206232661,727460.1090009816
2024-05-27,2024-05-28,-1070.6412105649506,1070.6412105649506,1146272.601759983
2024-05-28,2024-05-29,-752.9370706968039,752.9370706968039,566914.2324294838
2024-05-29,2024-05-30,764.1316067370935,764.1316067370935,583897.1124146122
2024-05-30,2024-05-31,-848.5687245770096,848.5687245770096,720068.8803302527
2024-05-31,2024-06-01,187.69801055107382,187.69801055107382,35230.54316483102
2024-06-01,2024-06-02,51.66788368410198,51.66788368410198,2669.570204393892
2024-06-02,2024-06-03,1054.420533731507,1054.420533731507,1111802.6619546362
2024-06-03,2024-06-04,1796.5924946035811,1796.5924946035811,3227744.591665919
2024-06-04,2024-06-05,570.7705581990012,570.7705581990012,325779.03010679944
2024-06-05,2024-06-06,-309.1955367666087,309.1955367666087,95601.87995639128
2024-06-06,2024-06-07,-1425.0667036979576,1425.0667036979576,2030815.1099885623
2024-06-07,2024-06-08,-81.5483294432197,81.5483294432197,6650.130034979893
2024-06-08,2024-06-09,340.9932051270589,340.9932051270589,116276.36594282447
2024-06-09,2024-06-10,-124.78690588756581,124.78690588756581,15571.771880992206
2024-06-10,2024-06-11,-2184.6451144991006,2184.6451144991006,4772674.276304788
2024-06-11,2024-06-12,840.0338125538547,840.0338125538547,705656.8062337646
2024-06-12,2024-06-13,-1455.8421023734118,1455.8421023734118,2119476.2270430354
2024-06-13,2024-06-14,-792.6004523281445,792.6004523281445,628215.4770307792
2024-06-14,2024-06-15,156.52021944515582,156.52021944515582,24498.579095159734
2024-06-15,2024-06-16,453.54659185462515,453.54659185462515,205704.51098294594
2024-06-16,2024-06-17,-134.33041103238065,134.33041103238065,18044.659328128335
2024-06-17,2024-06-18,-1354.502701931502,1354.502701931502,1834677.5695397395
2024-06-18,2024-06-19,-223.0561132061339,223.0561132061339,49754.02963862762
2024-06-19,2024-06-20,-137.4954132014318,137.4954132014318,18904.988651432468
2024-06-20,2024-06-21,-736.4971909063752,736.4971909063752,542428.1122129817
2024-06-21,2024-06-22,132.9978197427845,132.9978197427845,17688.420056334195
2024-06-22,2024-06-23,-1066.6311107293805,1066.6311107293805,1137701.926375792
2024-06-23,2024-06-24,-2937.6060846483015,2937.6060846483015,8629529.508562723
2024-06-24,2024-06-25,1435.3308787274218,1435.3308787274218,2060174.7314284327
2024-06-25,2024-06-26,-944.9173688832379,944.9173688832379,892868.8340172211
2024-06-26,2024-06-27,761.9013004834051,761.9013004834051,580493.5916783039
2024-06-27,2024-06-28,-1259.3061423206818,1259.3061423206818,1585851.9600865974
2024-06-28,2024-06-29,526.2283253877322,526.2283253877322,276916.2504403769
2024-06-29,2024-06-30,1809.2536188758313,1809.2536188758313,3273398.6574152918
2024-06-30,2024-07-01,230.1725448698271,230.1725448698271,52979.40041185257
2024-07-01,2024-07-02,-817.2279987032744,817.2279987032744,667861.601864559
2024-07-02,2024-07-03,-1881.4557263955503,1881.4557263955503,3539875.6503866077
2024-07-03,2024-07-04,-3254.81570296087,3254.81570296087,10593825.260240663
2024-07-04,2024-07-05,-416.9462881935906,416.9462881935906,173844.2072384127
2024-07-05,2024-07-06,1631.5567487486478,1631.5567487486478,2661977.4243872585
2024-07-06,2024-07-07,-2402.6990774191945,2402.6990774191945,5772962.856631048
2024-07-07,2024-07-08,778.2994161200622,778.2994161200622,605749.9811328298
2024-07-08,2024-07-09,1331.2735717589821,1331.2735717589821,1772289.3228639178
2024-07-09,2024-07-10,-225.36561796556634,225.36561796556634,50789.6617610016
2024-07-10,2024-07-11,-406.1184714492556,406.1184714492556,164932.21285227983
2024-07-11,2024-07-12,542.0175312790743,542.0175312790743,293783.0042138623
2024-07-12,2024-07-13,1350.038552463724,1350.038552463724,1822604.0931383474
2024-07-13,2024-07-14,1598.153735448126,1598.153735448126,2554095.362126799
2024-07-14,2024-07-15,4131.635882215873,4131.635882215873,17070415.063213732
2024-07-15,2024-07-16,356.59383804752724,356.59383804752724,127159.16533346608
2024-07-16,2024-07-17,-971.4729628335845,971.4729628335845,943759.717516663
2024-07-17,2024-07-18,-175.4856221564114,175.4856221564114,30795.20358362279
2024-07-18,2024-07-19,2731.2764796988777,2731.2764796988777,7459871.2085562935
2024-07-19,2024-07-20,540.5861716151703,540.5861716151703,292233.4089415464
2024-07-20,2024-07-21,1004.8232752964541,1004.8232752964541,1009669.8145774936
2024-07-21,2024-07-22,-537.4077485380112,537.4077485380112,288807.0881886943
2024-07-22,2024-07-23,-1676.1352300358121,1676.1352300358121,2809429.309367205
2024-07-23,2024-07-24,-607.6394167539402,607.6394167539402,369225.6607930686
2024-07-24,2024-07-25,387.07306794834585,387.07306794834585,149825.55993094476
2024-07-25,2024-07-26,2148.1214099308854,2148.1214099308854,4614425.591803455
2024-07-26,2024-07-27,-31.40212370743393,31.40212370743393,986.0933733369841
2024-07-27,2024-07-28,439.6699100035912,439.6699100035912,193309.629762566
2024-07-28,2024-07-29,-1422.165447500127,1422.165447500127,2022554.5600632362
2024-07-29,2024-07-30,-664.2646676303702,664.2646676303702,441247.54866208625
2024-07-30,2024-07-31,-1601.517302594817,1601.517302594817,2564857.670510579
2024-07-31,2024-08-01,688.1839604800625,688.1839604800625,473597.16346202424
2024-08-01,2024-08-02,-3919.0165338534352,3919.0165338534352,15358690.592616593
2024-08-02,2024-08-03,-860.1775655261008,860.1775655261008,739905.4442344095
2024-08-03,2024-08-04,-2586.0895010562235,2586.0895010562235,6687858.907473227
2024-08-04,2024-08-05,-4207.19156276717,4207.19156276717,17700460.84581926
2024-08-05,2024-08-06,1912.3853761224455,1912.3853761224455,3657217.826806987
2024-08-06,2024-08-07,-942.1589845384588,942.1589845384588,887663.5521465398
2024-08-07,2024-08-08,6650.701610592361,6650.701610592361,44231831.91313583
2024-08-08,2024-08-09,-617.7696445052061,617.7696445052061,381639.3336720887
2024-08-09,2024-08-10,38.71095894709288,38.71095894709288,1498.53834260351
2024-08-10,2024-08-11,-2223.545027674103,2223.545027674103,4944152.490094228
2024-08-11,2024-08-12,563.6544300207242,563.6544300207242,317706.31648198754
2024-08-12,2024-08-13,1276.0811287776742,1276.0811287776742,1628383.047222503
2024-08-13,2024-08-14,-1833.3626596795657,1833.3626596795657,3361218.641907331
2024-08-14,2024-08-15,-1235.8155064960374,1235.8155064960374,1527239.9660960576
2024-08-15,2024-08-16,1295.9983588870746,1295.9983588870746,1679611.7462379904
2024-08-16,2024-08-17,627.9451060132924,627.9451060132924,394315.056166045
2024-08-17,2024-08-18,-977.2658579436393,977.2658579436393,955048.5571023173
2024-08-18,2024-08-19,978.6679446374401,978.6679446374401,957790.9458608715
2024-08-19,2024-08-20,-449.29002735819086,449.29002735819086,201861.52868352388
2024-08-20,2024-08-21,2147.727434253269,2147.727434253269,4612733.13184413
2024-08-21,2024-08-22,-725.1681608420477,725.1681608420477,525868.861499038
2024-08-22,2024-08-23,3687.616347994568,3687.616347994568,13598514.329996794
2024-08-23,2024-08-24,202.20906442647538,202.20906442647538,40888.50573623047
2024-08-24,2024-08-25,157.22190026614408,157.22190026614408,24718.725923297356
2024-08-25,2024-08-26,-1447.9672544770583,1447.9672544770583,2096609.17003783
2024-08-26,2024-08-27,-3422.675209987683,3422.675209987683,11714705.59306423
2024-08-27,2024-08-28,-583.5665644789697,583.5665644789697,340549.93517778744
2024-08-28,2024-08-29,345.56425142525404,345.56425142525404,119414.6518630962
2024-08-29,2024-08-30,-257.353453207601,257.353453207601,66230.79987787687
2024-08-30,2024-08-31,-158.04227036806697,158.04227036806697,24977.35922309318
2024-08-31,2024-09-01,-1649.2029662732893,1649.2029662732893,2719870.4239646164
2024-09-01,2024-09-02,1734.8407720350297,1734.8407720350297,3009672.504315098
2024-09-02,2024-09-03,-1624.6436848309022,1624.6436848309022,2639467.102660932
2024-09-03,2024-09-04,486.9074801555689,486.9074801555689,237078.89423144574
2024-09-04,2024-09-05,-1793.5304335342153,1793.5304335342153,3216751.4160134303
2024-09-05,2024-09-06,-2269.632177107138,2269.632177107138,5151230.219360087
2024-09-06,2024-09-07,121.25876611109561,121.25876611109561,14703.68835878539
2024-09-07,2024-09-08,707.5839703026068,707.5839703026068,500675.0750292003
2024-09-08,2024-09-09,2200.5892847349533,2200.5892847349533,4842593.200090293
2024-09-09,2024-09-10,697.9316869816175,697.9316869816175,487108.6396930066
2024-09-10,2024-09-11,-285.3556924425138,285.3556924425138,81427.87120934654
2024-09-11,2024-09-12,773.8822145238373,773.8822145238373,598893.6819563186
2024-09-12,2024-09-13,2469.4540188250176,2469.4540188250176,6098203.15109103
2024-09-13,2024-09-14,-488.9182409575733,488.9182409575733,239041.0463410477
2024-09-14,2024-09-15,-840.1237903289148,840.1237903289148,705807.9830766224
2024-09-15,2024-09-16,-1016.5229404263882,1016.5229404263882,1033318.8884131104
2024-09-16,2024-09-17,2084.7450807316127,2084.7450807316127,4346162.051634658
2024-09-17,2024-09-18,1408.2486758116065,1408.2486758116065,1983164.3329251432
2024-09-18,2024-09-19,1333.2544367951632,1333.2544367951632,1777567.3932339877
2024-09-19,2024-09-20,293.49030650128407,293.49030650128407,86136.56001021767
2024-09-20,2024-09-21,209.78372961186687,209.78372961186687,44009.21320986487
2024-09-21,2024-09-22,260.35475094451976,260.35475094451976,67784.59633938292
2024-09-22,2024-09-23,-310.9407288716975,310.9407288716975,96684.1368712625
2024-09-23,2024-09-24,962.1118731841416,962.1118731841416,925659.2565218977
2024-09-24,2024-09-25,-1128.0014657110441,1128.0014657110441,1272387.306646264
2024-09-25,2024-09-26,2001.0462080957514,2001.0462080957514,4004185.926934385
2024-09-26,2024-09-27,674.4760488280881,674.4760488280881,454917.9404427495
2024-09-27,2024-09-28,116.04165683568863,116.04165683568863,13465.666121171722
2024-09-28,2024-09-29,-249.02004109937116,249.02004109937116,62010.9808691325
2024-09-29,2024-09-30,-2314.0659759640403,2314.0659759640403,5354901.3411144065
2024-09-30,2024-10-01,-2565.429765115441,2565.429765115441,6581429.879740267
2024-10-01,2024-10-02,-283.43085945973144,283.43085945973144,80333.05209408203
2024-10-02,2024-10-03,120.4125672283335,120.4125672283335,14499.186346517936
2024-10-03,2024-10-04,1311.8348464518785,1311.8348464518785,1720910.6643654238
2024-10-04,2024-10-05,64.24768726241746,64.24768726241746,4127.765318569398
2024-10-05,2024-10-06,729.3671070419805,729.3671070419805,531976.3768347878
