lag,acf_residuo_sarimax
0,1.0
1,-0.04026427749703383
2,0.062289837659302426
3,-0.006805622506576733
4,0.010040566395301678
5,0.015647529054320982
6,-0.05559984522193821
7,0.0482935810971041
8,-0.0961756796824267
9,-0.028318885259566696
10,0.00749331727631507
11,0.05349786187242062
12,-0.03686460300673339
13,0.04713941967936065
14,0.06707301023386522
15,0.0027293280378899525
16,-0.03823254277829746
17,0.0086475950813724
18,-0.024418846188052724
19,-0.017055545827901523
20,-0.10990557864500425
21,-0.013740497092562438
22,-0.03941648773901161
23,-0.032611388938476024
24,0.01033440087716586
25,0.12737193164630242
26,0.01683433845743819
27,0.05049854379346166
28,0.08212409262823453
29,0.02839330836611041
30,-0.052665088656820465
31,-0.0004463116071974169
32,0.022290672331004218
33,-0.02371081188248265
34,-0.03336297210698483
35,-0.019026412267901433
36,-0.049649169453772575
37,-0.04497502172424127
38,-0.021285557042492586
39,0.008510363332236275
40,0.04572238126187912
