target_time,y_true,y_pred_sarimax,residuo_sarimax,training_target_cutoff,erro_absoluto_sarimax
2022-06-09,30111.998046875,30144.978677699462,-32.98063082446242,2022-06-08,32.98063082446242
2022-06-10,29083.8046875,30073.560629011383,-989.7559415113828,2022-06-09,989.7559415113828
2022-06-11,28360.810546875,29146.216032169807,-785.4054852948066,2022-06-10,785.4054852948066
2022-06-12,26762.6484375,28369.684794855337,-1607.0363573553368,2022-06-11,1607.0363573553368
2022-06-13,22487.388671875,26826.430342635464,-4339.041670760464,2022-06-12,4339.041670760464
2022-06-14,22206.79296875,22698.56654537068,-491.7735766206788,2022-06-13,491.7735766206788
2022-06-15,22572.83984375,22181.64382667189,391.19601707810943,2022-06-14,391.19601707810943
2022-06-16,20381.650390625,22624.92887843011,-2243.2784878051098,2022-06-15,2243.2784878051098
2022-06-17,20471.482421875,20328.319856494738,143.1625653802621,2022-06-16,143.1625653802621
2022-06-18,19017.642578125,20418.2761894776,-1400.6336113526013,2022-06-17,1400.6336113526013
2022-06-19,20553.271484375,19183.052920810675,1370.2185635643254,2022-06-18,1370.2185635643254
2022-06-20,20599.537109375,20496.405935583905,103.13117379109462,2022-06-19,103.13117379109462
2022-06-21,20710.59765625,20547.33808379265,163.25957245735117,2022-06-20,163.25957245735117
2022-06-22,19987.029296875,20654.95762508343,-667.9283282084289,2022-06-21,667.9283282084289
2022-06-23,21085.876953125,20029.776246212874,1056.100706912126,2022-06-22,1056.100706912126
2022-06-24,21231.65625,21061.901691699644,169.7545583003557,2022-06-23,169.7545583003557
2022-06-25,21502.337890625,21214.62505782507,287.71283279993077,2022-06-24,287.71283279993077
2022-06-26,21027.294921875,21488.849829282673,-461.55490740767345,2022-06-25,461.55490740767345
2022-06-27,20735.478515625,21020.36469387111,-284.8861782461099,2022-06-26,284.8861782461099
2022-06-28,20280.634765625,20749.82809965812,-469.19333403311975,2022-06-27,469.19333403311975
2022-06-29,20104.0234375,20293.032103829177,-189.00866632917678,2022-06-28,189.00866632917678
2022-06-30,19784.7265625,20121.500228664456,-336.7736661644558,2022-06-29,336.7736661644558
2022-07-01,19269.3671875,19854.879413969215,-585.5122264692145,2022-06-30,585.5122264692145
2022-07-02,19242.255859375,19225.07439102065,17.181468354348908,2022-07-01,17.181468354348908
2022-07-03,19297.076171875,19230.48523480014,66.59093707485954,2022-07-02,66.59093707485954
2022-07-04,20231.26171875,19293.420684587025,937.8410341629751,2022-07-03,937.8410341629751
2022-07-05,20190.115234375,20239.29173404541,-49.17649967041143,2022-07-04,49.17649967041143
2022-07-06,20548.24609375,20205.96857316776,342.27752058223996,2022-07-05,342.27752058223996
2022-07-07,21637.587890625,20521.154106494698,1116.4337841303022,2022-07-06,1116.4337841303022
2022-07-08,21731.1171875,21618.661080492497,112.4561070075033,2022-07-07,112.4561070075033
2022-07-09,21592.20703125,21727.03550142933,-134.8284701793309,2022-07-08,134.8284701793309
2022-07-10,20860.44921875,21570.77540759683,-710.3261888468296,2022-07-09,710.3261888468296
2022-07-11,19970.556640625,20892.548386010018,-921.9917453850176,2022-07-10,921.9917453850176
2022-07-12,19323.9140625,19986.17485717407,-662.2607946740718,2022-07-11,662.2607946740718
2022-07-13,20212.07421875,19337.124904887474,874.9493138625257,2022-07-12,874.9493138625257
2022-07-14,20569.919921875,20227.631210954507,342.28871092049303,2022-07-13,342.28871092049303
2022-07-15,20836.328125,20551.791377086818,284.5367479131819,2022-07-14,284.5367479131819
2022-07-16,21190.31640625,20797.297120948686,393.0192853013141,2022-07-15,393.0192853013141
2022-07-17,20779.34375,21189.0491704669,-409.70542046690025,2022-07-16,409.70542046690025
2022-07-18,22485.689453125,20766.04371508984,1719.6457380351603,2022-07-17,1719.6457380351603
2022-07-19,23389.43359375,22499.377653036554,890.055940713446,2022-07-18,890.055940713446
2022-07-20,23231.732421875,23396.30194948,-164.56952760499917,2022-07-19,164.56952760499917
2022-07-21,23164.62890625,23166.508882044818,-1.879975794818165,2022-07-20,1.879975794818165
2022-07-22,22714.978515625,23200.754905367747,-485.7763897427467,2022-07-21,485.7763897427467
2022-07-23,22465.478515625,22686.3445073348,-220.86599170980116,2022-07-22,220.86599170980116
2022-07-24,22609.1640625,22485.609686141164,123.55437635883573,2022-07-23,123.55437635883573
2022-07-25,21361.701171875,22583.414623853605,-1221.713451978605,2022-07-24,1221.713451978605
2022-07-26,21239.75390625,21425.835991122276,-186.08208487227603,2022-07-25,186.08208487227603
2022-07-27,22930.548828125,21244.8148305654,1685.7339975596005,2022-07-26,1685.7339975596005
2022-07-28,23843.88671875,22908.21940983177,935.6673089182295,2022-07-27,935.6673089182295
2022-07-29,23804.6328125,23805.573731452638,-0.9409189526377304,2022-07-28,0.9409189526377304
2022-07-30,23656.20703125,23783.306993145103,-127.09996189510275,2022-07-29,127.09996189510275
2022-07-31,23336.896484375,23632.348052728288,-295.45156835328817,2022-07-30,295.45156835328817
2022-08-01,23314.19921875,23347.64065990402,-33.44144115402014,2022-07-31,33.44144115402014
2022-08-02,22978.1171875,23341.89915666133,-363.78196916132947,2022-08-01,363.78196916132947
2022-08-03,22846.5078125,22986.590167771446,-140.08235527144643,2022-08-02,140.08235527144643
2022-08-04,22630.95703125,22824.318542987174,-193.3615117371737,2022-08-03,193.3615117371737
2022-08-05,23289.314453125,22644.613010919853,644.701442205147,2022-08-04,644.701442205147
2022-08-06,22961.279296875,23285.034729774223,-323.7554328992228,2022-08-05,323.7554328992228
2022-08-07,23175.890625,22938.362532510437,237.52809248956328,2022-08-06,237.52809248956328
2022-08-08,23809.486328125,23171.413675099244,638.0726530257562,2022-08-07,638.0726530257562
2022-08-09,23164.318359375,23815.755942166386,-651.4375827913864,2022-08-08,651.4375827913864
2022-08-10,23947.642578125,23186.812714052678,760.8298640723224,2022-08-09,760.8298640723224
2022-08-11,23957.529296875,23957.677542095407,-0.1482452204072615,2022-08-10,0.1482452204072615
2022-08-12,24402.818359375,23907.75527301515,495.06308635984897,2022-08-11,495.06308635984897
2022-08-13,24424.068359375,24422.521410153462,1.5469492215379432,2022-08-12,1.5469492215379432
2022-08-14,24319.333984375,24383.19079911251,-63.85681473751174,2022-08-13,63.85681473751174
2022-08-15,24136.97265625,24325.611974537573,-188.63931828757268,2022-08-14,188.63931828757268
2022-08-16,23883.291015625,24164.90532775516,-281.6143121301611,2022-08-15,281.6143121301611
2022-08-17,23335.998046875,23887.065678564162,-551.0676316891622,2022-08-16,551.0676316891622
2022-08-18,23212.73828125,23348.738525600776,-136.00024435077648,2022-08-17,136.00024435077648
2022-08-19,20877.552734375,23201.713116624433,-2324.1603822494326,2022-08-18,2324.1603822494326
2022-08-20,21166.060546875,21002.277674194083,163.78287268091663,2022-08-19,163.78287268091663
2022-08-21,21534.12109375,21107.89233567662,426.22875807337914,2022-08-20,426.22875807337914
2022-08-22,21398.908203125,21523.085856390513,-124.17765326551307,2022-08-21,124.17765326551307
2022-08-23,21528.087890625,21434.363099521615,93.72479110338463,2022-08-22,93.72479110338463
2022-08-24,21395.01953125,21522.12080868562,-127.10127743562043,2022-08-23,127.10127743562043
2022-08-25,21600.904296875,21380.236505527253,220.66779134774697,2022-08-24,220.66779134774697
2022-08-26,20260.01953125,21588.43101879613,-1328.411487546131,2022-08-25,1328.411487546131
2022-08-27,20041.73828125,20327.615944924513,-285.8776636745133,2022-08-26,285.8776636745133
2022-08-28,19616.814453125,20024.115349074636,-407.30089594963647,2022-08-27,407.30089594963647
2022-08-29,20297.994140625,19614.82390574628,683.1702348787185,2022-08-28,683.1702348787185
2022-08-30,19796.80859375,20301.456869720005,-504.64827597000476,2022-08-29,504.64827597000476
2022-08-31,20049.763671875,19810.300679987868,239.46299188713238,2022-08-30,239.46299188713238
2022-09-01,20127.140625,20025.889695415288,101.25092958471214,2022-08-31,101.25092958471214
2022-09-02,19969.771484375,20147.184480848526,-177.4129964735257,2022-09-01,177.4129964735257
2022-09-03,19832.087890625,19954.663637855698,-122.57574723069774,2022-09-02,122.57574723069774
2022-09-04,19986.712890625,19830.878446620187,155.83444400481312,2022-09-03,155.83444400481312
2022-09-05,19812.37109375,19991.2823990458,-178.91130529579823,2022-09-04,178.91130529579823
2022-09-06,18837.66796875,19817.067534650487,-979.3995659004868,2022-09-05,979.3995659004868
2022-09-07,19290.32421875,18881.625864382087,408.69835436791254,2022-09-06,408.69835436791254
2022-09-08,19329.833984375,19277.865274529315,51.968709845685225,2022-09-07,51.968709845685225
2022-09-09,21381.15234375,19317.071677571937,2064.0806661780625,2022-09-08,2064.0806661780625
2022-09-10,21680.5390625,21378.05721465356,302.48184784644036,2022-09-09,302.48184784644036
2022-09-11,21769.255859375,21628.902691582294,140.3531677927058,2022-09-10,140.3531677927058
2022-09-12,22370.44921875,21765.309359857307,605.1398588926932,2022-09-11,605.1398588926932
2022-09-13,20296.70703125,22372.665194953788,-2075.958163703788,2022-09-12,2075.958163703788
2022-09-14,20241.08984375,20374.491672573375,-133.40182882337467,2022-09-13,133.40182882337467
2022-09-15,19701.2109375,20209.15937347138,-507.9484359713788,2022-09-14,507.9484359713788
2022-09-16,19772.583984375,19705.41626326361,67.16772111138926,2022-09-15,67.16772111138926
2022-09-17,20127.576171875,19770.579442992643,356.9967288823573,2022-09-16,356.9967288823573
2022-09-18,19419.505859375,20100.400171634123,-680.8943122591227,2022-09-17,680.8943122591227
2022-09-19,19544.12890625,19453.61218364645,90.51672260354826,2022-09-18,90.51672260354826
2022-09-20,18890.7890625,19599.808961634182,-709.0198991341822,2022-09-19,709.0198991341822
2022-09-21,18547.400390625,18855.411000874337,-308.01061024933733,2022-09-20,308.01061024933733
2022-09-22,19413.55078125,18558.112319662447,855.4384615875533,2022-09-21,855.4384615875533
2022-09-23,19297.638671875,19406.82938090083,-109.19070902582826,2022-09-22,109.19070902582826
2022-09-24,18937.01171875,19312.429394562136,-375.4176758121357,2022-09-23,375.4176758121357
2022-09-25,18802.09765625,18900.426112820045,-98.32845657004509,2022-09-24,98.32845657004509
2022-09-26,19222.671875,18796.961997720802,425.7098772791978,2022-09-25,425.7098772791978
2022-09-27,19110.546875,19244.101818108596,-133.5549431085965,2022-09-26,133.5549431085965
2022-09-28,19426.720703125,19101.44806811465,325.2726350103512,2022-09-27,325.2726350103512
2022-09-29,19573.05078125,19458.706664716367,114.3441165336335,2022-09-28,114.3441165336335
2022-09-30,19431.7890625,19556.19383745625,-124.40477495624873,2022-09-29,124.40477495624873
2022-10-01,19312.095703125,19406.758334092563,-94.66263096756302,2022-09-30,94.66263096756302
2022-10-02,19044.107421875,19288.431219067657,-244.32379719265737,2022-10-01,244.32379719265737
2022-10-03,19623.580078125,19057.55282838292,566.027249742081,2022-10-02,566.027249742081
2022-10-04,20336.84375,19628.642651775725,708.2010982242755,2022-10-03,708.2010982242755
2022-10-05,20160.716796875,20330.55151850369,-169.8347216286893,2022-10-04,169.8347216286893
2022-10-06,19955.443359375,20164.251791977145,-208.80843260214533,2022-10-05,208.80843260214533
2022-10-07,19546.849609375,19940.36897810385,-393.51936872884835,2022-10-06,393.51936872884835
2022-10-08,19416.568359375,19564.638141904088,-148.06978252908812,2022-10-07,148.06978252908812
2022-10-09,19446.42578125,19392.658686560317,53.76709468968329,2022-10-08,53.76709468968329
2022-10-10,19141.484375,19441.622211715552,-300.1378367155521,2022-10-09,300.1378367155521
2022-10-11,19051.41796875,19171.146906785518,-119.72893803551779,2022-10-10,119.72893803551779
2022-10-12,19157.4453125,19056.307900219792,101.13741228020808,2022-10-11,101.13741228020808
2022-10-13,19382.904296875,19145.157987681945,237.7463091930549,2022-10-12,237.7463091930549
2022-10-14,19185.65625,19449.92476773119,-264.2685177311905,2022-10-13,264.2685177311905
2022-10-15,19067.634765625,19127.512726196117,-59.877960571117,2022-10-14,59.877960571117
2022-10-16,19268.09375,19046.552208348323,221.5415416516771,2022-10-15,221.5415416516771
2022-10-17,19550.7578125,19265.055863121197,285.70194937880296,2022-10-16,285.70194937880296
2022-10-18,19334.416015625,19567.006692814724,-232.59067718972437,2022-10-17,232.59067718972437
2022-10-19,19139.53515625,19345.7817058794,-206.24654962939894,2022-10-18,206.24654962939894
2022-10-20,19053.740234375,19124.286254618954,-70.54602024395354,2022-10-19,70.54602024395354
2022-10-21,19172.46875,19058.96602991173,113.50272008826869,2022-10-20,113.50272008826869
2022-10-22,19208.189453125,19195.341788324444,12.847664800556231,2022-10-21,12.847664800556231
2022-10-23,19567.0078125,19164.600591106944,402.4072213930558,2022-10-22,402.4072213930558
2022-10-24,19345.572265625,19579.314129911774,-233.74186428677422,2022-10-23,233.74186428677422
2022-10-25,20095.857421875,19362.18925629693,733.6681655780703,2022-10-24,733.6681655780703
2022-10-26,20770.44140625,20098.845515589048,671.5958906609521,2022-10-25,671.5958906609521
2022-10-27,20285.8359375,20754.609330606585,-468.773393106585,2022-10-26,468.773393106585
2022-10-28,20595.3515625,20286.879399930203,308.47216256979664,2022-10-27,308.47216256979664
2022-10-29,20818.4765625,20591.595073140437,226.8814893595627,2022-10-28,226.8814893595627
2022-10-30,20635.603515625,20795.54177227746,-159.93825665245822,2022-10-29,159.93825665245822
2022-10-31,20495.7734375,20634.339790567712,-138.56635306771204,2022-10-30,138.56635306771204
2022-11-01,20485.2734375,20518.91223473367,-33.63879723367063,2022-10-31,33.63879723367063
2022-11-02,20159.50390625,20473.165819512546,-313.66191326254557,2022-11-01,313.66191326254557
2022-11-03,20209.98828125,20180.99437042801,28.99391082199145,2022-11-02,28.99391082199145
2022-11-04,21147.23046875,20196.814413660362,950.4160550896377,2022-11-03,950.4160550896377
2022-11-05,21282.69140625,21156.624667258267,126.06673899173256,2022-11-04,126.06673899173256
2022-11-06,20926.486328125,21238.66620960086,-312.17988147585856,2022-11-05,312.17988147585856
2022-11-07,20602.81640625,20936.47317985369,-333.65677360368863,2022-11-06,333.65677360368863
2022-11-08,18541.271484375,20632.057008940094,-2090.7855245650935,2022-11-07,2090.7855245650935
2022-11-09,15880.7802734375,18708.494681302192,-2827.7144078646925,2022-11-08,2827.7144078646925
2022-11-10,17586.771484375,15913.256200391575,1673.5152839834245,2022-11-09,1673.5152839834245
2022-11-11,17034.29296875,17512.106135309175,-477.81316655917544,2022-11-10,477.81316655917544
2022-11-12,16799.185546875,17036.312218238407,-237.12667136340679,2022-11-11,237.12667136340679
2022-11-13,16353.365234375,16757.59224663701,-404.22701226201025,2022-11-12,404.22701226201025
2022-11-14,16618.19921875,16358.072343288997,260.1268754610028,2022-11-13,260.1268754610028
2022-11-15,16884.61328125,16652.323972019763,232.28930923023654,2022-11-14,232.28930923023654
2022-11-16,16669.439453125,16846.843233980297,-177.40378085529665,2022-11-15,177.40378085529665
2022-11-17,16687.517578125,16681.822507194924,5.6950709300763265,2022-11-16,5.6950709300763265
2022-11-18,16697.77734375,16675.477480460428,22.299863289572386,2022-11-17,22.299863289572386
2022-11-19,16711.546875,16686.82029381659,24.726581183411326,2022-11-18,24.726581183411326
2022-11-20,16291.83203125,16695.92420239472,-404.09217114471903,2022-11-19,404.09217114471903
2022-11-21,15787.2841796875,16316.78518086705,-529.5010011795493,2022-11-20,529.5010011795493
2022-11-22,16189.76953125,15832.78891561934,356.9806156306604,2022-11-21,356.9806156306604
2022-11-23,16610.70703125,16167.358357169454,443.3486740805456,2022-11-22,443.3486740805456
2022-11-24,16604.46484375,16596.31152171165,8.15332203834987,2022-11-23,8.15332203834987
2022-11-25,16521.841796875,16588.17458574323,-66.33278886822882,2022-11-24,66.33278886822882
2022-11-26,16464.28125,16518.280796791554,-53.99954679155417,2022-11-25,53.99954679155417
2022-11-27,16444.626953125,16456.302995327558,-11.676042202558165,2022-11-26,11.676042202558165
2022-11-28,16217.322265625,16447.19677803824,-229.87451241324015,2022-11-27,229.87451241324015
2022-11-29,16444.982421875,16249.434194450969,195.5482274240312,2022-11-28,195.5482274240312
2022-11-30,17168.56640625,16428.33008363359,740.2363226164089,2022-11-29,740.2363226164089
2022-12-01,16967.1328125,17165.38794973635,-198.25513723634867,2022-11-30,198.25513723634867
2022-12-02,17088.66015625,16953.165256916946,135.4948993330545,2022-12-01,135.4948993330545
2022-12-03,16908.236328125,17080.765371129262,-172.52904300426235,2022-12-02,172.52904300426235
2022-12-04,17130.486328125,16901.749586060225,228.73674206477517,2022-12-03,228.73674206477517
2022-12-05,16974.826171875,17127.381369448914,-152.55519757391448,2022-12-04,152.55519757391448
2022-12-06,17089.50390625,16985.036530185072,104.46737606492752,2022-12-05,104.46737606492752
2022-12-07,16848.126953125,17086.119819974923,-237.9928668499233,2022-12-06,237.9928668499233
2022-12-08,17233.474609375,16859.09518385103,374.37942552397,2022-12-07,374.37942552397
2022-12-09,17133.15234375,17227.09796995537,-93.94562620537181,2022-12-08,93.94562620537181
2022-12-10,17128.724609375,17125.701501713775,3.0231076612253673,2022-12-09,3.0231076612253673
2022-12-11,17104.193359375,17108.05948923744,-3.8661298624392657,2022-12-10,3.8661298624392657
2022-12-12,17206.4375,17109.069474931577,97.36802506842287,2022-12-11,97.36802506842287
2022-12-13,17781.318359375,17231.5267647433,549.7915946317007,2022-12-12,549.7915946317007
2022-12-14,17815.650390625,17778.490872642727,37.15951798227252,2022-12-13,37.15951798227252
2022-12-15,17364.865234375,17789.4559550682,-424.5907206931988,2022-12-14,424.5907206931988
2022-12-16,16647.484375,17386.345884093796,-738.8615090937965,2022-12-15,738.8615090937965
2022-12-17,16795.091796875,16676.128435233033,118.96336164196691,2022-12-16,118.96336164196691
2022-12-18,16757.9765625,16764.468717467997,-6.492154967996612,2022-12-17,6.492154967996612
2022-12-19,16439.6796875,16747.279675657835,-307.59998815783547,2022-12-18,307.59998815783547
2022-12-20,16906.3046875,16468.614664400753,437.6900230992469,2022-12-19,437.6900230992469
2022-12-21,16817.53515625,16906.604075411527,-89.06891916152745,2022-12-20,89.06891916152745
2022-12-22,16830.341796875,16798.725958131676,31.615838743324275,2022-12-21,31.615838743324275
2022-12-23,16796.953125,16842.42504515573,-45.47192015573091,2022-12-22,45.47192015573091
2022-12-24,16847.755859375,16781.026142671497,66.72971670350307,2022-12-23,66.72971670350307
2022-12-25,16841.986328125,16831.808012645914,10.17831547908645,2022-12-24,10.17831547908645
2022-12-26,16919.8046875,16852.96705099498,66.83763650502078,2022-12-25,66.83763650502078
2022-12-27,16717.173828125,16916.83486808153,-199.66103995652884,2022-12-26,199.66103995652884
2022-12-28,16552.572265625,16736.63317615121,-184.06091052620832,2022-12-27,184.06091052620832
2022-12-29,16642.341796875,16557.704288229244,84.63750864575559,2022-12-28,84.63750864575559
2022-12-30,16602.5859375,16633.441628621906,-30.855691121905693,2022-12-29,30.855691121905693
2022-12-31,16547.49609375,16615.002691480855,-67.50659773085499,2022-12-30,67.50659773085499
2023-01-01,16625.080078125,16525.88482462311,99.19525350188997,2022-12-31,99.19525350188997
2023-01-02,16688.470703125,16617.234786241188,71.23591688381202,2023-01-01,71.23591688381202
2023-01-03,16679.857421875,16696.734025563175,-16.876603688175237,2023-01-02,16.876603688175237
2023-01-04,16863.23828125,16683.904595034375,179.33368621562477,2023-01-03,179.33368621562477
2023-01-05,16836.736328125,16869.524019613233,-32.78769148823267,2023-01-04,32.78769148823267
2023-01-06,16951.96875,16825.86011360971,126.10863639029048,2023-01-05,126.10863639029048
2023-01-07,16955.078125,16957.383966334688,-2.3058413346880116,2023-01-06,2.3058413346880116
2023-01-08,17091.14453125,16924.42688761836,166.71764363164039,2023-01-07,166.71764363164039
2023-01-09,17196.5546875,17099.792314453258,96.76237304674214,2023-01-08,96.76237304674214
2023-01-10,17446.29296875,17210.824497377856,235.46847137214354,2023-01-09,235.46847137214354
2023-01-11,17934.896484375,17441.577735869963,493.31874850503664,2023-01-10,493.31874850503664
2023-01-12,18869.587890625,17938.11954345095,931.46834717405,2023-01-11,931.46834717405
2023-01-13,19909.57421875,18870.978945577048,1038.5952731729521,2023-01-12,1038.5952731729521
2023-01-14,20976.298828125,19882.731143202494,1093.5676849225056,2023-01-13,1093.5676849225056
2023-01-15,20880.798828125,20950.11816768273,-69.31933955772911,2023-01-14,69.31933955772911
2023-01-16,21169.6328125,20850.84477139386,318.78804110614146,2023-01-15,318.78804110614146
2023-01-17,21161.51953125,21170.04296931493,-8.523438064930815,2023-01-16,8.523438064930815
2023-01-18,20688.78125,21151.80793463546,-463.0266846354607,2023-01-17,463.0266846354607
2023-01-19,21086.79296875,20711.740388734805,375.0525800151954,2023-01-18,375.0525800151954
2023-01-20,22676.552734375,21062.093959451664,1614.458774923336,2023-01-19,1614.458774923336
2023-01-21,22777.625,22684.571111880658,93.05388811934245,2023-01-20,93.05388811934245
2023-01-22,22720.416015625,22731.8478265469,-11.431810921898432,2023-01-21,11.431810921898432
2023-01-23,22934.431640625,22725.894224171167,208.53741645383343,2023-01-22,208.53741645383343
2023-01-24,22636.46875,22920.87949115276,-284.4107411527584,2023-01-23,284.4107411527584
2023-01-25,23117.859375,22645.33563959987,472.5237354001292,2023-01-24,472.5237354001292
2023-01-26,23032.77734375,23118.259418438938,-85.48207468893816,2023-01-25,85.48207468893816
2023-01-27,23078.728515625,23020.949928679616,57.77858694538372,2023-01-26,57.77858694538372
2023-01-28,23031.08984375,23087.722996856133,-56.63315310613325,2023-01-27,56.63315310613325
2023-01-29,23774.56640625,23001.186046141356,773.3803601086438,2023-01-28,773.3803601086438
2023-01-30,22840.138671875,23789.20665756434,-949.0679856893403,2023-01-29,949.0679856893403
2023-01-31,23139.283203125,22873.344635533038,265.93856759196206,2023-01-30,265.93856759196206
2023-02-01,23723.76953125,23108.304773653283,615.4647575967174,2023-01-31,615.4647575967174
2023-02-02,23471.87109375,23732.67299887196,-260.80190512195986,2023-02-01,260.80190512195986
2023-02-03,23449.322265625,23451.517039340164,-2.1947737151640467,2023-02-02,2.1947737151640467
2023-02-04,23331.84765625,23455.053531611036,-123.2058753610363,2023-02-03,123.2058753610363
2023-02-05,22955.666015625,23310.416426042215,-354.7504104172149,2023-02-04,354.7504104172149
2023-02-06,22760.109375,22984.062547934456,-223.95317293445623,2023-02-05,223.95317293445623
2023-02-07,23264.291015625,22765.276613431262,499.0144021937376,2023-02-06,499.0144021937376
2023-02-08,22939.3984375,23262.570933287112,-323.172495787112,2023-02-07,323.172495787112
2023-02-09,21819.0390625,22949.984036860682,-1130.944974360682,2023-02-08,1130.944974360682
2023-02-10,21651.18359375,21864.142769287664,-212.95917553766412,2023-02-09,212.95917553766412
2023-02-11,21870.875,21635.354164930526,235.52083506947383,2023-02-10,235.52083506947383
2023-02-12,21788.203125,21846.10358739367,-57.90046239367075,2023-02-11,57.90046239367075
2023-02-13,21808.1015625,21791.017804347895,17.083758152104565,2023-02-12,17.083758152104565
2023-02-14,22220.8046875,21832.970339083062,387.83434841693816,2023-02-13,387.83434841693816
2023-02-15,24307.841796875,22213.736403911484,2094.1053929635164,2023-02-14,2094.1053929635164
2023-02-16,23623.474609375,24297.638508471136,-674.1638990961364,2023-02-15,674.1638990961364
2023-02-17,24565.6015625,23585.40384172599,980.1977207740092,2023-02-16,980.1977207740092
2023-02-18,24641.27734375,24571.911389080105,69.36595466989456,2023-02-17,69.36595466989456
2023-02-19,24327.642578125,24589.490990306083,-261.8484121810834,2023-02-18,261.8484121810834
2023-02-20,24829.1484375,24338.841653072057,490.30678442794306,2023-02-19,490.30678442794306
2023-02-21,24436.353515625,24856.74749191062,-420.39397628562074,2023-02-20,420.39397628562074
2023-02-22,24188.84375,24431.28320224139,-242.43945224138952,2023-02-21,242.43945224138952
2023-02-23,23947.4921875,24216.017639795107,-268.52545229510724,2023-02-22,268.52545229510724
2023-02-24,23198.126953125,23929.76587245705,-731.6389193320501,2023-02-23,731.6389193320501
2023-02-25,23175.375,23223.598660261847,-48.22366026184682,2023-02-24,48.22366026184682
2023-02-26,23561.212890625,23155.28033051687,405.9325601081291,2023-02-25,405.9325601081291
2023-02-27,23522.87109375,23545.89227470255,-23.021180952549912,2023-02-26,23.021180952549912
2023-02-28,23147.353515625,23536.316433819764,-388.9629181947639,2023-02-27,388.9629181947639
2023-03-01,23646.55078125,23149.13055463425,497.42022661575174,2023-02-28,497.42022661575174
2023-03-02,23475.466796875,23641.83376967957,-166.36697280457156,2023-03-01,166.36697280457156
2023-03-03,22362.6796875,23476.503117588803,-1113.8234300888034,2023-03-02,1113.8234300888034
2023-03-04,22353.349609375,22415.521558482367,-62.171949107367254,2023-03-03,62.171949107367254
2023-03-05,22435.513671875,22303.01417776287,132.49949411212947,2023-03-04,132.49949411212947
2023-03-06,22429.7578125,22433.030496373034,-3.2726838730341115,2023-03-05,3.2726838730341115
2023-03-07,22219.76953125,22441.52878189276,-221.7592506427609,2023-03-06,221.7592506427609
2023-03-08,21718.080078125,22246.473672949465,-528.3935948244653,2023-03-07,528.3935948244653
2023-03-09,20363.021484375,21725.039929819523,-1362.0184454445225,2023-03-08,1362.0184454445225
2023-03-10,20187.244140625,20434.386853646512,-247.14271302151246,2023-03-09,247.14271302151246
2023-03-11,20632.41015625,20207.73578521527,424.6743710347291,2023-03-10,424.6743710347291
2023-03-12,22163.94921875,20587.770031775883,1576.1791869741173,2023-03-11,1576.1791869741173
2023-03-13,24197.533203125,22154.072201476298,2043.4610016487022,2023-03-12,2043.4610016487022
2023-03-14,24746.07421875,24169.523890454093,576.5503282959071,2023-03-13,576.5503282959071
2023-03-15,24375.9609375,24662.60491304913,-286.6439755491301,2023-03-14,286.6439755491301
2023-03-16,25052.7890625,24415.016110538952,637.7729519610475,2023-03-15,637.7729519610475
2023-03-17,27423.9296875,25025.032253748457,2398.897433751543,2023-03-16,2398.897433751543
2023-03-18,26965.87890625,27407.548113543664,-441.66920729366393,2023-03-17,441.66920729366393
2023-03-19,28038.67578125,26929.67591137338,1108.9998698766212,2023-03-18,1108.9998698766212
2023-03-20,27767.236328125,28011.85825497562,-244.6219268506211,2023-03-19,244.6219268506211
2023-03-21,28175.81640625,27785.541737201907,390.2746690480926,2023-03-20,390.2746690480926
2023-03-22,27307.4375,28154.39883295545,-846.9613329554486,2023-03-21,846.9613329554486
2023-03-23,28333.97265625,27339.108198800255,994.8644574497448,2023-03-22,994.8644574497448
2023-03-24,27493.28515625,28283.53784949515,-790.252693245151,2023-03-23,790.252693245151
2023-03-25,27494.70703125,27534.514744191347,-39.807712941346836,2023-03-24,39.807712941346836
2023-03-26,27994.330078125,27441.996546809838,552.333531315162,2023-03-25,552.333531315162
2023-03-27,27139.888671875,27982.18541860721,-842.2967467322087,2023-03-26,842.2967467322087
2023-03-28,27268.130859375,27207.70217009304,60.42868928195821,2023-03-27,60.42868928195821
2023-03-29,28348.44140625,27244.534590180047,1103.9068160699535,2023-03-28,1103.9068160699535
2023-03-30,28033.5625,28318.810365545698,-285.247865545698,2023-03-29,285.247865545698
2023-03-31,28478.484375,28032.036864237223,446.4475107627768,2023-03-30,446.4475107627768
2023-04-01,28411.03515625,28486.747349093566,-75.7121928435663,2023-03-31,75.7121928435663
2023-04-02,28199.30859375,28358.363529594317,-159.0549358443168,2023-04-01,159.0549358443168
2023-04-03,27790.220703125,28231.376487537178,-441.15578441217804,2023-04-02,441.15578441217804
2023-04-04,28168.08984375,27828.25944406163,339.83039968836965,2023-04-03,339.83039968836965
2023-04-05,28177.984375,28126.82114899257,51.16322600742933,2023-04-04,51.16322600742933
2023-04-06,28044.140625,28180.283313409553,-136.14268840955265,2023-04-05,136.14268840955265
2023-04-07,27925.859375,28051.668235143927,-125.80886014392672,2023-04-06,125.80886014392672
2023-04-08,27947.794921875,27907.99873814577,39.796183729231416,2023-04-07,39.796183729231416
2023-04-09,28333.05078125,27932.41830804227,400.6324732077301,2023-04-08,400.6324732077301
2023-04-10,29652.98046875,28346.48785100014,1306.49261774986,2023-04-09,1306.49261774986
2023-04-11,30235.05859375,29659.012032627546,576.0465611224536,2023-04-10,576.0465611224536
2023-04-12,30139.052734375,30192.178771073846,-53.12603669884629,2023-04-11,53.12603669884629
2023-04-13,30399.06640625,30149.89520186312,249.17120438687925,2023-04-12,249.17120438687925
2023-04-14,30485.69921875,30378.415472353376,107.28374639662434,2023-04-13,107.28374639662434
2023-04-15,30318.49609375,30495.91392528451,-177.41783153450888,2023-04-14,177.41783153450888
2023-04-16,30315.35546875,30290.455910712633,24.89955803736666,2023-04-15,24.89955803736666
2023-04-17,29445.044921875,30318.5301926226,-873.4852707475984,2023-04-16,873.4852707475984
2023-04-18,30397.552734375,29501.353710704163,896.199023670837,2023-04-17,896.199023670837
2023-04-19,28822.6796875,30388.848669885563,-1566.1689823855631,2023-04-18,1566.1689823855631
2023-04-20,28245.98828125,28869.916842526658,-623.928561276658,2023-04-19,623.928561276658
2023-04-21,27276.91015625,28239.145169698426,-962.2350134484259,2023-04-20,962.2350134484259
2023-04-22,27817.5,27305.92682956695,511.5731704330501,2023-04-21,511.5731704330501
2023-04-23,27591.384765625,27783.539803661854,-192.1550380368535,2023-04-22,192.1550380368535
2023-04-24,27525.33984375,27593.587526403066,-68.24768265306557,2023-04-23,68.24768265306557
2023-04-25,28307.59765625,27545.361746557763,762.2359096922373,2023-04-24,762.2359096922373
2023-04-26,28422.701171875,28301.41760812299,121.2835637520111,2023-04-25,121.2835637520111
2023-04-27,29473.787109375,28435.870849002542,1037.916260372458,2023-04-26,1037.916260372458
2023-04-28,29340.26171875,29426.06454422564,-85.80282547563911,2023-04-27,85.80282547563911
2023-04-29,29248.48828125,29333.790606009126,-85.30232475912635,2023-04-28,85.30232475912635
2023-04-30,29268.806640625,29216.53209539972,52.274545225278416,2023-04-29,52.274545225278416
2023-05-01,28091.568359375,29267.000128918222,-1175.431769543222,2023-04-30,1175.431769543222
2023-05-02,28680.537109375,28180.04502972743,500.4920796475708,2023-05-01,500.4920796475708
2023-05-03,29006.30859375,28637.233257317523,369.07533643247734,2023-05-02,369.07533643247734
2023-05-04,28847.7109375,29015.901072191955,-168.19013469195488,2023-05-03,168.19013469195488
2023-05-05,29534.384765625,28816.722160179746,717.6626054452536,2023-05-04,717.6626054452536
2023-05-06,28904.623046875,29529.67483012112,-625.0517832461192,2023-05-05,625.0517832461192
2023-05-07,28454.978515625,28934.558452626476,-479.5799370014756,2023-05-06,479.5799370014756
2023-05-08,27694.2734375,28426.482727597617,-732.2092900976168,2023-05-07,732.2092900976168
2023-05-09,27658.775390625,27763.995689929776,-105.22029930477584,2023-05-08,105.22029930477584
2023-05-10,27621.755859375,27631.208510670604,-9.452651295603573,2023-05-09,9.452651295603573
2023-05-11,27000.7890625,27654.311161250283,-653.5220987502835,2023-05-10,653.5220987502835
2023-05-12,26804.990234375,27000.87679548965,-195.88656111465025,2023-05-11,195.88656111465025
2023-05-13,26784.078125,26850.437864973643,-66.35973997364272,2023-05-12,66.35973997364272
2023-05-14,26930.638671875,26702.083815936265,228.55485593873527,2023-05-13,228.55485593873527
2023-05-15,27192.693359375,26934.327915252066,258.3654441229337,2023-05-14,258.3654441229337
2023-05-16,27036.650390625,27199.592699573794,-162.94230894879365,2023-05-15,162.94230894879365
2023-05-17,27398.802734375,27037.794652358407,361.0080820165931,2023-05-16,361.0080820165931
2023-05-18,26832.208984375,27419.96815354398,-587.7591691689813,2023-05-17,587.7591691689813
2023-05-19,26890.12890625,26847.130473025816,42.99843322418383,2023-05-18,42.99843322418383
2023-05-20,27129.5859375,26848.45635154599,281.1295859540114,2023-05-19,281.1295859540114
2023-05-21,26753.826171875,27109.74723733398,-355.9210654589806,2023-05-20,355.9210654589806
2023-05-22,26851.27734375,26770.02405913234,81.25328461765821,2023-05-21,81.25328461765821
2023-05-23,27225.7265625,26862.400866368836,363.32569613116357,2023-05-22,363.32569613116357
2023-05-24,26334.818359375,27219.509052907022,-884.6906935320221,2023-05-23,884.6906935320221
2023-05-25,26476.20703125,26387.215581771405,88.99144947859531,2023-05-24,88.99144947859531
2023-05-26,26719.291015625,26465.212581652715,254.07843397228498,2023-05-25,254.07843397228498
2023-05-27,26868.353515625,26691.360830985017,176.99268463998305,2023-05-26,176.99268463998305
2023-05-28,28085.646484375,26846.060531875155,1239.585952499845,2023-05-27,1239.585952499845
2023-05-29,27745.884765625,28097.614744562656,-351.7299789376557,2023-05-28,351.7299789376557
2023-05-30,27702.349609375,27733.696375427786,-31.346766052785824,2023-05-29,31.346766052785824
2023-05-31,27219.658203125,27691.15574156481,-471.49753843980943,2023-05-30,471.49753843980943
2023-06-01,26819.97265625,27264.612239715505,-444.639583465505,2023-05-31,444.639583465505
2023-06-02,27249.58984375,26814.458239504336,435.13160424566377,2023-06-01,435.13160424566377
2023-06-03,27075.12890625,27249.620969827844,-174.4920635778435,2023-06-02,174.4920635778435
2023-06-04,27119.06640625,27042.831654599846,76.23475165015407,2023-06-03,76.23475165015407
2023-06-05,25760.09765625,27115.77674255998,-1355.6790863099814,2023-06-04,1355.6790863099814
2023-06-06,27238.783203125,25868.56439603845,1370.2188070865486,2023-06-05,1370.2188070865486
2023-06-07,26345.998046875,27209.45008618384,-863.4520393088387,2023-06-06,863.4520393088387
2023-06-08,26508.216796875,26337.049633310806,171.1671635641942,2023-06-07,171.1671635641942
2023-06-09,26480.375,26465.610870579603,14.764129420396785,2023-06-08,14.764129420396785
2023-06-10,25851.240234375,26478.169672665415,-626.9294382904154,2023-06-09,626.9294382904154
2023-06-11,25940.16796875,25917.60335846788,22.564610282119247,2023-06-10,22.564610282119247
2023-06-12,25902.5,25891.671387653656,10.828612346344016,2023-06-11,10.828612346344016
2023-06-13,25918.728515625,25910.293531840132,8.434983784867654,2023-06-12,8.434983784867654
2023-06-14,25124.67578125,25916.111977728215,-791.4361964782147,2023-06-13,791.4361964782147
2023-06-15,25576.39453125,25169.495019240258,406.89951200974247,2023-06-14,406.89951200974247
2023-06-16,26327.462890625,25570.749051169532,756.7138394554677,2023-06-15,756.7138394554677
2023-06-17,26510.67578125,26315.523618527193,195.15216272280668,2023-06-16,195.15216272280668
2023-06-18,26336.212890625,26463.960392873778,-127.74750224877789,2023-06-17,127.74750224877789
2023-06-19,26851.029296875,26327.849195105067,523.1801017699327,2023-06-18,523.1801017699327
2023-06-20,28327.48828125,26859.072814120223,1468.4154671297765,2023-06-19,1468.4154671297765
2023-06-21,30027.296875,28340.879674094638,1686.4172009053618,2023-06-20,1686.4172009053618
2023-06-22,29912.28125,29978.525366111746,-66.24411611174583,2023-06-21,66.24411611174583
2023-06-23,30695.46875,29873.199909167495,822.2688408325048,2023-06-22,822.2688408325048
2023-06-24,30548.6953125,30684.02643030675,-135.3311178067488,2023-06-23,135.3311178067488
2023-06-25,30480.26171875,30534.219386005927,-53.957667255926935,2023-06-24,53.957667255926935
2023-06-26,30271.130859375,30468.550440244762,-197.41958086976229,2023-06-25,197.41958086976229
2023-06-27,30688.1640625,30305.674603698077,382.4894588019233,2023-06-26,382.4894588019233
2023-06-28,30086.24609375,30662.70095773433,-576.4548639843306,2023-06-27,576.4548639843306
2023-06-29,30445.3515625,30112.376011088265,332.97555141173507,2023-06-28,332.97555141173507
2023-06-30,30477.251953125,30415.463656547458,61.788296577542496,2023-06-29,61.788296577542496
2023-07-01,30590.078125,30535.3089397079,54.76918529210161,2023-06-30,54.76918529210161
2023-07-02,30620.76953125,30520.295970286985,100.47356096301519,2023-07-01,100.47356096301519
2023-07-03,31156.439453125,30633.410465603833,523.0289875211674,2023-07-02,523.0289875211674
2023-07-04,30777.58203125,31148.706560720602,-371.1245294706023,2023-07-03,371.1245294706023
2023-07-05,30514.166015625,30780.532243013873,-266.3662273888731,2023-07-04,266.3662273888731
2023-07-06,29909.337890625,30530.535457659294,-621.1975670342945,2023-07-05,621.1975670342945
2023-07-07,30342.265625,29918.163798991394,424.1018260086057,2023-07-06,424.1018260086057
2023-07-08,30292.541015625,30337.583911696707,-45.04289607170722,2023-07-07,45.04289607170722
2023-07-09,30171.234375,30268.70970481844,-97.47532981844051,2023-07-08,97.47532981844051
2023-07-10,30414.470703125,30168.296873574014,246.17382955098583,2023-07-09,246.17382955098583
2023-07-11,30620.951171875,30432.074741304972,188.87643057002788,2023-07-10,188.87643057002788
2023-07-12,30391.646484375,30607.222296962776,-215.57581258777645,2023-07-11,215.57581258777645
2023-07-13,31476.048828125,30407.29019190604,1068.7586362189613,2023-07-12,1068.7586362189613
2023-07-14,30334.068359375,31483.599473362534,-1149.531113987534,2023-07-13,1149.531113987534
2023-07-15,30295.806640625,30372.259181176236,-76.45254055123587,2023-07-14,76.45254055123587
2023-07-16,30249.1328125,30223.191711173717,25.941101326283388,2023-07-15,25.941101326283388
2023-07-17,30145.888671875,30260.391233727456,-114.50256185245598,2023-07-16,114.50256185245598
2023-07-18,29856.5625,30185.193161907286,-328.6306619072857,2023-07-17,328.6306619072857
2023-07-19,29913.923828125,29857.1539556279,56.76987249710146,2023-07-18,56.76987249710146
2023-07-20,29792.015625,29888.173078382504,-96.15745338250417,2023-07-19,96.15745338250417
2023-07-21,29908.744140625,29808.566573770317,100.17756685468339,2023-07-20,100.17756685468339
2023-07-22,29771.802734375,29892.85438434478,-121.05164996978056,2023-07-21,121.05164996978056
2023-07-23,30084.5390625,29766.56500137953,317.97406112046883,2023-07-22,317.97406112046883
2023-07-24,29176.916015625,30080.09802904032,-903.1820134153204,2023-07-23,903.1820134153204
2023-07-25,29227.390625,29245.24182999289,-17.851204992890416,2023-07-24,17.851204992890416
2023-07-26,29354.97265625,29186.55385428241,168.4188019675894,2023-07-25,168.4188019675894
2023-07-27,29210.689453125,29359.91807381055,-149.22862068554969,2023-07-26,149.22862068554969
2023-07-28,29319.24609375,29207.6345131096,111.61158064040137,2023-07-27,111.61158064040137
2023-07-29,29356.91796875,29316.676304770852,40.24166397914814,2023-07-28,40.24166397914814
2023-07-30,29275.30859375,29335.126796006596,-59.81820225659612,2023-07-29,59.81820225659612
2023-07-31,29230.111328125,29298.01343821769,-67.90211009269115,2023-07-30,67.90211009269115
2023-08-01,29675.732421875,29231.83854917662,443.8938726983797,2023-07-31,443.8938726983797
2023-08-02,29151.958984375,29723.066814720776,-571.1078303457762,2023-08-01,571.1078303457762
2023-08-03,29178.6796875,29137.725111660144,40.95457583985626,2023-08-02,40.95457583985626
2023-08-04,29074.091796875,29156.02468311254,-81.93288623754052,2023-08-03,81.93288623754052
2023-08-05,29042.126953125,29076.898438136795,-34.77148501179545,2023-08-04,34.77148501179545
2023-08-06,29041.85546875,29015.347610668025,26.507858081975428,2023-08-05,26.507858081975428
2023-08-07,29180.578125,29043.22909580692,137.34902919307933,2023-08-06,137.34902919307933
2023-08-08,29765.4921875,29218.761361276174,546.7308262238257,2023-08-07,546.7308262238257
2023-08-09,29561.494140625,29747.174520405097,-185.6803797800967,2023-08-08,185.6803797800967
2023-08-10,29429.591796875,29566.512381266217,-136.92058439121683,2023-08-09,136.92058439121683
2023-08-11,29397.71484375,29413.2757097684,-15.560866018400702,2023-08-10,15.560866018400702
2023-08-12,29415.96484375,29396.337663656806,19.6271800931936,2023-08-11,19.6271800931936
2023-08-13,29282.9140625,29391.7088479836,-108.79478548359839,2023-08-12,108.79478548359839
2023-08-14,29408.443359375,29293.990532238084,114.45282713691631,2023-08-13,114.45282713691631
2023-08-15,29170.34765625,29433.90593877362,-263.5582825236197,2023-08-14,263.5582825236197
2023-08-16,28701.779296875,29173.06303792647,-471.2837410514694,2023-08-15,471.2837410514694
2023-08-17,26664.55078125,28719.555806569268,-2055.0050253192676,2023-08-16,2055.0050253192676
2023-08-18,26049.556640625,26851.181805219636,-801.6251645946359,2023-08-17,801.6251645946359
2023-08-19,26096.205078125,25975.05300727262,121.15207085237853,2023-08-18,121.15207085237853
2023-08-20,26189.583984375,26049.235561439826,140.3484229351743,2023-08-19,140.3484229351743
2023-08-21,26124.140625,26175.074825335785,-50.934200335785135,2023-08-20,50.934200335785135
2023-08-22,26031.65625,26151.485633344437,-119.82938334443679,2023-08-21,119.82938334443679
2023-08-23,26431.640625,26052.11044372505,379.5301812749494,2023-08-22,379.5301812749494
2023-08-24,26162.373046875,26410.577372473108,-248.20432559810797,2023-08-23,248.20432559810797
2023-08-25,26047.66796875,26159.735809524533,-112.06784077453267,2023-08-24,112.06784077453267
2023-08-26,26008.462890625,26048.742035823372,-40.279145198372134,2023-08-25,40.279145198372134
2023-08-27,26089.693359375,25967.81771186972,121.87564750527963,2023-08-26,121.87564750527963
2023-08-28,26106.150390625,26095.300873215856,10.849517409144028,2023-08-27,10.849517409144028
2023-08-29,27727.392578125,26130.88328493511,1596.5092931898907,2023-08-28,1596.5092931898907
2023-08-30,27297.265625,27751.700697882527,-454.4350728825266,2023-08-29,454.4350728825266
2023-08-31,25931.47265625,27261.803111490153,-1330.3304552401532,2023-08-30,1330.3304552401532
2023-09-01,25800.724609375,25988.799489115812,-188.07487974081232,2023-08-31,188.07487974081232
2023-09-02,25868.798828125,25792.48741150507,76.31141661993024,2023-09-01,76.31141661993024
2023-09-03,25969.56640625,25824.645775982597,144.92063026740288,2023-09-02,144.92063026740288
2023-09-04,25812.416015625,25963.78206022703,-151.36604460202943,2023-09-03,151.36604460202943
2023-09-05,25779.982421875,25829.851185088384,-49.86876321338423,2023-09-04,49.86876321338423
2023-09-06,25753.236328125,25783.512482782502,-30.276154657502047,2023-09-05,30.276154657502047
2023-09-07,26240.1953125,25766.2177632883,473.97754921170053,2023-09-06,473.97754921170053
2023-09-08,25905.654296875,26220.30568817124,-314.65139129624004,2023-09-07,314.65139129624004
2023-09-09,25895.677734375,25912.942844219833,-17.265109844833205,2023-09-08,17.265109844833205
2023-09-10,25832.2265625,25859.723860591093,-27.4972980910934,2023-09-09,27.4972980910934
2023-09-11,25162.654296875,25854.118853819407,-691.4645569444074,2023-09-10,691.4645569444074
2023-09-12,25833.34375,25216.909964584225,616.4337854157748,2023-09-11,616.4337854157748
2023-09-13,26228.32421875,25805.286751404514,423.0374673454862,2023-09-12,423.0374673454862
2023-09-14,26539.673828125,26207.896953678755,331.7768744462446,2023-09-13,331.7768744462446
2023-09-15,26608.693359375,26529.663986041425,79.02937333357477,2023-09-14,79.02937333357477
2023-09-16,26568.28125,26608.627709151497,-40.346459151496674,2023-09-15,40.346459151496674
2023-09-17,26534.1875,26541.543314921946,-7.355814921946148,2023-09-16,7.355814921946148
2023-09-18,26754.28125,26533.82872869957,220.45252130043082,2023-09-17,220.45252130043082
2023-09-19,27211.1171875,26773.955809593237,437.16137790676294,2023-09-18,437.16137790676294
2023-09-20,27132.0078125,27204.109529164154,-72.10171666415408,2023-09-19,72.10171666415408
2023-09-21,26567.6328125,27136.347789908636,-568.7149774086356,2023-09-20,568.7149774086356
2023-09-22,26579.568359375,26589.14646808819,-9.578108713190886,2023-09-21,9.578108713190886
2023-09-23,26579.390625,26552.403069053937,26.987555946063367,2023-09-22,26.987555946063367
2023-09-24,26256.826171875,26567.329342309466,-310.5031704344656,2023-09-23,310.5031704344656
2023-09-25,26298.48046875,26272.255393615294,26.22507513470555,2023-09-24,26.22507513470555
2023-09-26,26217.25,26319.81481188534,-102.56481188533871,2023-09-25,102.56481188533871
2023-09-27,26352.716796875,26206.00462832277,146.71216855222883,2023-09-26,146.71216855222883
2023-09-28,27021.546875,26348.48213480817,673.0647401918286,2023-09-27,673.0647401918286
2023-09-29,26911.720703125,27022.77243254806,-111.05172942305944,2023-09-28,111.05172942305944
2023-09-30,26967.916015625,26899.15346981032,68.76254581467947,2023-09-29,68.76254581467947
2023-10-01,27983.75,26932.900503782115,1050.8494962178847,2023-09-30,1050.8494962178847
2023-10-02,27530.78515625,28001.101233440517,-470.3160771905168,2023-10-01,470.3160771905168
2023-10-03,27429.978515625,27554.23619403824,-124.25767841323977,2023-10-02,124.25767841323977
2023-10-04,27799.39453125,27415.037336802496,384.3571944475043,2023-10-03,384.3571944475043
2023-10-05,27415.912109375,27796.81180383626,-380.89969446125906,2023-10-04,380.89969446125906
2023-10-06,27946.59765625,27412.386651295434,534.2110049545663,2023-10-05,534.2110049545663
2023-10-07,27968.83984375,27952.93768778956,15.902155960440723,2023-10-06,15.902155960440723
2023-10-08,27935.08984375,27925.855654410974,9.234189339025761,2023-10-07,9.234189339025761
2023-10-09,27583.677734375,27949.620059257086,-365.9423248820858,2023-10-08,365.9423248820858
2023-10-10,27391.01953125,27620.682164629514,-229.66263337951386,2023-10-09,229.66263337951386
2023-10-11,26873.3203125,27373.483650062746,-500.16333756274616,2023-10-10,500.16333756274616
2023-10-12,26756.798828125,26919.398856360654,-162.60002823565446,2023-10-11,162.60002823565446
2023-10-13,26862.375,26732.738300591856,129.6366994081436,2023-10-12,129.6366994081436
2023-10-14,26861.70703125,26866.64041754021,-4.933386290209455,2023-10-13,4.933386290209455
2023-10-15,27159.65234375,26822.095456624484,337.55688712551637,2023-10-14,337.55688712551637
2023-10-16,28519.466796875,27168.66127432486,1350.8055225501412,2023-10-15,1350.8055225501412
2023-10-17,28415.748046875,28542.150878047767,-126.40283117276704,2023-10-16,126.40283117276704
2023-10-18,28328.341796875,28395.11834308306,-66.77654620806061,2023-10-17,66.77654620806061
2023-10-19,28719.806640625,28308.756362109634,411.0502785153658,2023-10-18,411.0502785153658
2023-10-20,29682.94921875,28727.976347020263,954.9728717297367,2023-10-19,954.9728717297367
2023-10-21,29918.412109375,29678.330186642776,240.08192273222448,2023-10-20,240.08192273222448
2023-10-22,29993.896484375,29876.0282620162,117.86822235880027,2023-10-21,117.86822235880027
2023-10-23,33086.234375,29987.781109550262,3098.453265449738,2023-10-22,3098.453265449738
2023-10-24,33901.52734375,33089.2208572579,812.3064864921034,2023-10-23,812.3064864921034
2023-10-25,34502.8203125,33840.60929118902,662.2110213109772,2023-10-24,662.2110213109772
2023-10-26,34156.6484375,34472.33328998554,-315.6848524855377,2023-10-25,315.6848524855377
2023-10-27,33909.80078125,34165.52680391596,-255.7260226659564,2023-10-26,255.7260226659564
2023-10-28,34089.57421875,33919.680915827885,169.89330292211525,2023-10-27,169.89330292211525
2023-10-29,34538.48046875,34034.823805961125,503.6566627888751,2023-10-28,503.6566627888751
2023-10-30,34502.36328125,34545.45970206768,-43.096420817681064,2023-10-29,43.096420817681064
2023-10-31,34667.78125,34521.495054087914,146.28619591208553,2023-10-30,146.28619591208553
2023-11-01,35437.25390625,34669.95051136623,767.3033948837692,2023-10-31,767.3033948837692
2023-11-02,34938.2421875,35447.45540594418,-509.2132184441798,2023-11-01,509.2132184441798
2023-11-03,34732.32421875,34933.8305478641,-201.50632911409775,2023-11-02,201.50632911409775
2023-11-04,35082.1953125,34739.026455302046,343.1688571979539,2023-11-03,343.1688571979539
2023-11-05,35049.35546875,35023.43007685324,25.92539189675881,2023-11-04,25.92539189675881
2023-11-06,35037.37109375,35071.639863305245,-34.268769555244944,2023-11-05,34.268769555244944
2023-11-07,35443.5625,35026.8070097978,416.75549020220205,2023-11-06,416.75549020220205
2023-11-08,35655.27734375,35466.65313270907,188.62421104092937,2023-11-07,188.62421104092937
2023-11-09,36693.125,35629.84216756082,1063.2828324391812,2023-11-08,1063.2828324391812
2023-11-10,37313.96875,36682.687164312985,631.2815856870147,2023-11-09,631.2815856870147
2023-11-11,37138.05078125,37304.74151634652,-166.69073509651935,2023-11-10,166.69073509651935
2023-11-12,37054.51953125,37115.73212656245,-61.212595312448684,2023-11-11,61.212595312448684
2023-11-13,36502.35546875,37043.59632926063,-541.240860510632,2023-11-12,541.240860510632
2023-11-14,35537.640625,36529.50310827888,-991.8624832788773,2023-11-13,991.8624832788773
2023-11-15,37880.58203125,35610.197033656004,2270.3849975939956,2023-11-14,2270.3849975939956
2023-11-16,36154.76953125,37839.02932838083,-1684.2597971308278,2023-11-15,1684.2597971308278
2023-11-17,36596.68359375,36198.918543116786,397.76505063321383,2023-11-16,397.76505063321383
2023-11-18,36585.703125,36539.04387275335,46.65925224665261,2023-11-17,46.65925224665261
2023-11-19,37386.546875,36556.30499445336,830.2418805466368,2023-11-18,830.2418805466368
2023-11-20,37476.95703125,37377.928868825824,99.02816242417612,2023-11-19,99.02816242417612
2023-11-21,35813.8125,37491.08317969469,-1677.2706796946877,2023-11-20,1677.2706796946877
2023-11-22,37432.33984375,35864.52712082068,1567.8127229293168,2023-11-21,1567.8127229293168
2023-11-23,37289.62109375,37400.21104316869,-110.58994941868878,2023-11-22,110.58994941868878
2023-11-24,37720.28125,37254.42445101943,465.85679898056696,2023-11-23,465.85679898056696
2023-11-25,37796.79296875,37705.90007309025,90.89289565975196,2023-11-24,90.89289565975196
2023-11-26,37479.12109375,37767.7253876355,-288.60429388550256,2023-11-25,288.60429388550256
2023-11-27,37254.16796875,37521.46022661705,-267.29225786704774,2023-11-26,267.29225786704774
2023-11-28,37831.0859375,37279.82486052326,551.2610769767416,2023-11-27,551.2610769767416
2023-11-29,37858.4921875,37813.37747201568,45.114715484320186,2023-11-28,45.114715484320186
2023-11-30,37712.74609375,37834.09964748445,-121.35355373445054,2023-11-29,121.35355373445054
2023-12-01,38688.75,37716.402415735975,972.3475842640255,2023-11-30,972.3475842640255
2023-12-02,39476.33203125,38687.51524776742,788.8167834825799,2023-12-01,788.8167834825799
2023-12-03,39978.390625,39432.11408444545,546.2765405545506,2023-12-02,546.2765405545506
2023-12-04,41980.09765625,39967.657201132875,2012.4404551171247,2023-12-03,2012.4404551171247
2023-12-05,44080.6484375,41980.71515581734,2099.9332816826573,2023-12-04,2099.9332816826573
2023-12-06,43746.4453125,44055.707209412685,-309.2618969126852,2023-12-05,309.2618969126852
2023-12-07,43292.6640625,43686.40579624479,-393.7417337447914,2023-12-06,393.7417337447914
2023-12-08,44166.6015625,43313.301120399294,853.3004421007063,2023-12-07,853.3004421007063
2023-12-09,43725.984375,44131.485588897645,-405.50121389764536,2023-12-08,405.50121389764536
2023-12-10,43779.69921875,43714.25391260283,65.44530614717223,2023-12-09,65.44530614717223
2023-12-11,41243.83203125,43762.579258278536,-2518.747227028536,2023-12-10,2518.747227028536
2023-12-12,41450.22265625,41456.07916248224,-5.856506232237734,2023-12-11,5.856506232237734
2023-12-13,42890.7421875,41348.69373975254,1542.0484477474602,2023-12-12,1542.0484477474602
2023-12-14,43023.97265625,42899.022242176005,124.95041407399549,2023-12-13,124.95041407399549
2023-12-15,41929.7578125,43009.04518922831,-1079.287376728309,2023-12-14,1079.287376728309
2023-12-16,42240.1171875,41918.18078946799,321.9363980320122,2023-12-15,321.9363980320122
2023-12-17,41364.6640625,42201.47338590321,-836.809323403213,2023-12-16,836.809323403213
2023-12-18,42623.5390625,41400.21110176581,1223.3279607341901,2023-12-17,1223.3279607341901
2023-12-19,42270.52734375,42665.54502455077,-395.01768080076727,2023-12-18,395.01768080076727
2023-12-20,43652.25,42215.67622723965,1436.5737727603482,2023-12-19,1436.5737727603482
2023-12-21,43869.15234375,43627.08907118876,242.06327256123768,2023-12-20,242.06327256123768
2023-12-22,43997.90234375,43847.675318353766,150.22702539623424,2023-12-21,150.22702539623424
2023-12-23,43739.54296875,43996.72493111806,-257.1819623680567,2023-12-22,257.1819623680567
2023-12-24,43016.1171875,43736.48120246158,-720.3640149615821,2023-12-23,720.3640149615821
2023-12-25,43613.140625,43042.4038797892,570.736745210801,2023-12-24,570.736745210801
2023-12-26,42520.40234375,43605.81638947701,-1085.4140457270114,2023-12-25,1085.4140457270114
2023-12-27,43442.85546875,42606.007641667384,836.8478270826163,2023-12-26,836.8478270826163
2023-12-28,42627.85546875,43380.287627720405,-752.432158970405,2023-12-27,752.432158970405
2023-12-29,42099.40234375,42634.10731865885,-534.7049749088474,2023-12-28,534.7049749088474
2023-12-30,42156.90234375,42132.71461402876,24.18772972124134,2023-12-29,24.18772972124134
2023-12-31,42265.1875,42123.07337865997,142.1141213400333,2023-12-30,142.1141213400333
2024-01-01,44167.33203125,42238.16456847606,1929.1674627739412,2023-12-31,1929.1674627739412
2024-01-02,44957.96875,44169.030392194436,788.938357805564,2024-01-01,788.938357805564
2024-01-03,42848.17578125,44913.94845647901,-2065.772675229011,2024-01-02,2065.772675229011
2024-01-04,44179.921875,43060.895418644985,1119.0264563550154,2024-01-03,1119.0264563550154
2024-01-05,44162.69140625,44008.72442009507,153.96698615492642,2024-01-04,153.96698615492642
2024-01-06,43989.1953125,44215.55087303726,-226.35556053726032,2024-01-05,226.35556053726032
2024-01-07,43943.09765625,43920.093632208045,23.004024041954835,2024-01-06,23.004024041954835
2024-01-08,46970.50390625,43927.271203848686,3043.232702401314,2024-01-07,3043.232702401314
2024-01-09,46139.73046875,47020.59758182008,-880.8671130700823,2024-01-08,880.8671130700823
2024-01-10,46627.77734375,46096.01392553856,531.7634182114416,2024-01-09,531.7634182114416
2024-01-11,46368.5859375,46665.56085172665,-296.9749142266519,2024-01-10,296.9749142266519
2024-01-12,42853.16796875,46281.32773669684,-3428.1597679468396,2024-01-11,3428.1597679468396
2024-01-13,42842.3828125,43062.12050703745,-219.737694537449,2024-01-12,219.737694537449
2024-01-14,41796.26953125,42713.774741485664,-917.505210235664,2024-01-13,917.505210235664
2024-01-15,42511.96875,41824.4000917147,687.5686582853014,2024-01-14,687.5686582853014
2024-01-16,43154.9453125,42488.54709212857,666.3982203714331,2024-01-15,666.3982203714331
2024-01-17,42742.65234375,43168.15344297798,-425.50109922797856,2024-01-16,425.50109922797856
2024-01-18,41262.05859375,42753.990283160034,-1491.9316894100339,2024-01-17,1491.9316894100339
2024-01-19,41618.40625,41332.006776908915,286.3994730910854,2024-01-18,286.3994730910854
2024-01-20,41665.5859375,41606.28841877216,59.297518727842544,2024-01-19,59.297518727842544
2024-01-21,41545.78515625,41584.0639706181,-38.27881436810276,2024-01-20,38.27881436810276
2024-01-22,39507.3671875,41536.323112668615,-2028.955925168615,2024-01-21,2028.955925168615
2024-01-23,39845.55078125,39643.58638444303,201.96439680697222,2024-01-22,201.96439680697222
2024-01-24,40077.07421875,39859.71820940178,217.35600934822287,2024-01-23,217.35600934822287
2024-01-25,39933.80859375,40016.04466676327,-82.23607301327138,2024-01-24,82.23607301327138
2024-01-26,41816.87109375,39934.68101640561,1882.1900773443922,2024-01-25,1882.1900773443922
2024-01-27,42120.0546875,41800.016028808925,320.0386586910754,2024-01-26,320.0386586910754
2024-01-28,42035.59375,42064.69920765911,-29.10545765911229,2024-01-27,29.10545765911229
2024-01-29,43288.24609375,42033.06616007638,1255.1799336736221,2024-01-28,1255.1799336736221
2024-01-30,42952.609375,43295.693777540546,-343.08440254054585,2024-01-29,343.08440254054585
2024-01-31,42582.60546875,42932.78935710741,-350.18388835740916,2024-01-30,350.18388835740916
2024-02-01,43075.7734375,42593.26210601072,482.51133148928056,2024-01-31,482.51133148928056
2024-02-02,43185.859375,43099.638514214166,86.22086078583379,2024-02-01,86.22086078583379
2024-02-03,42992.25,43153.636955657785,-161.3869556577847,2024-02-02,161.3869556577847
2024-02-04,42583.58203125,42957.23302794501,-373.6509966950107,2024-02-03,373.6509966950107
2024-02-05,42658.66796875,42617.65503293359,41.01293581641221,2024-02-04,41.01293581641221
2024-02-06,43084.671875,42652.31899757175,432.3528774282531,2024-02-05,432.3528774282531
2024-02-07,44318.22265625,43077.18859050279,1241.0340657472116,2024-02-06,1241.0340657472116
2024-02-08,45301.56640625,44327.951888529555,973.6145177204453,2024-02-07,973.6145177204453
2024-02-09,47147.19921875,45250.96497283796,1896.234245912041,2024-02-08,1896.234245912041
2024-02-10,47771.27734375,47121.471311728026,649.8060320219738,2024-02-09,649.8060320219738
2024-02-11,48293.91796875,47715.655727362915,578.2622413870849,2024-02-10,578.2622413870849
2024-02-12,49958.22265625,48280.64472511227,1677.5779311377264,2024-02-11,1677.5779311377264
2024-02-13,49742.44140625,49984.42058695156,-241.9791807015572,2024-02-12,241.9791807015572
2024-02-14,51826.6953125,49756.45511261536,2070.24019988464,2024-02-13,2070.24019988464
2024-02-15,51938.5546875,51770.419902993606,168.13478450639377,2024-02-14,168.13478450639377
2024-02-16,52160.203125,51873.75801591309,286.44510908691154,2024-02-15,286.44510908691154
2024-02-17,51662.99609375,52146.21150030818,-483.2154065581781,2024-02-16,483.2154065581781
2024-02-18,52122.546875,51716.42517174317,406.1217032568311,2024-02-17,406.1217032568311
2024-02-19,51779.14453125,52069.22544502167,-290.0809137716715,2024-02-18,290.0809137716715
2024-02-20,52284.875,51766.69999043244,518.1750095675598,2024-02-19,518.1750095675598
2024-02-21,51839.1796875,52344.27030302798,-505.09061552798084,2024-02-20,505.09061552798084
2024-02-22,51304.97265625,51861.335141919255,-556.362485669255,2024-02-21,556.362485669255
2024-02-23,50731.94921875,51268.05733687395,-536.1081181239497,2024-02-22,536.1081181239497
2024-02-24,51571.1015625,50728.68751677883,842.4140457211688,2024-02-23,842.4140457211688
2024-02-25,51733.23828125,51547.51433309083,185.72394815916778,2024-02-24,185.72394815916778
2024-02-26,54522.40234375,51717.20880972254,2805.1935340274576,2024-02-25,2805.1935340274576
2024-02-27,57085.37109375,54568.6269125089,2516.744181241098,2024-02-26,2516.744181241098
2024-02-28,62504.7890625,56972.98675588273,5531.802306617268,2024-02-27,5531.802306617268
2024-02-29,61198.3828125,62444.83821396977,-1246.4554014697715,2024-02-28,1246.4554014697715
2024-03-01,62440.6328125,61139.898132515686,1300.7346799843144,2024-02-29,1300.7346799843144
2024-03-02,62029.84765625,62387.07571574733,-357.2280594973272,2024-03-01,357.2280594973272
2024-03-03,63167.37109375,62011.00085922962,1156.3702345203783,2024-03-02,1156.3702345203783
2024-03-04,68330.4140625,63174.33946465987,5156.074597840132,2024-03-03,5156.074597840132
2024-03-05,63801.19921875,68330.03975304205,-4528.840534292045,2024-03-04,4528.840534292045
2024-03-06,66106.8046875,64100.830244311655,2005.9744431883446,2024-03-05,2005.9744431883446
2024-03-07,66925.484375,65777.97113495518,1147.5132400448201,2024-03-06,1147.5132400448201
2024-03-08,68300.09375,66833.09972688905,1466.9940231109504,2024-03-07,1466.9940231109504
2024-03-09,68498.8828125,68288.46072348098,210.42208901901904,2024-03-08,210.42208901901904
2024-03-10,69019.7890625,68429.81337869127,589.9756838087342,2024-03-09,589.9756838087342
2024-03-11,72123.90625,69018.2980525766,3105.6081974233966,2024-03-10,3105.6081974233966
2024-03-12,71481.2890625,72224.37120805928,-743.0821455592813,2024-03-11,743.0821455592813
2024-03-13,73083.5,71484.80511622249,1598.6948837775126,2024-03-12,1598.6948837775126
2024-03-14,71396.59375,72903.10469070562,-1506.5109407056152,2024-03-13,1506.5109407056152
2024-03-15,69403.7734375,71603.17897088868,-2199.405533388679,2024-03-14,2199.405533388679
2024-03-16,65315.1171875,69523.8908701125,-4208.773682612504,2024-03-15,4208.773682612504
2024-03-17,68390.625,65251.58581154654,3139.039188453462,2024-03-16,3139.039188453462
2024-03-18,67548.59375,68333.0625728324,-784.4688228323939,2024-03-17,784.4688228323939
2024-03-19,61912.7734375,67521.70449926822,-5608.93106176822,2024-03-18,5608.93106176822
2024-03-20,67913.671875,62131.71361108147,5781.958263918532,2024-03-19,5781.958263918532
2024-03-21,65491.390625,67847.7436753993,-2356.353050399295,2024-03-20,2356.353050399295
2024-03-22,63778.76171875,65418.22554740516,-1639.4638286551635,2024-03-21,1639.4638286551635
2024-03-23,64062.203125,63830.12389107088,232.07923392912198,2024-03-22,232.07923392912198
2024-03-24,67234.171875,63957.75324302235,3276.418631977649,2024-03-23,3276.418631977649
2024-03-25,69958.8125,67220.41429416946,2738.398205830541,2024-03-24,2738.398205830541
2024-03-26,69987.8359375,69906.77612059774,81.05981690225599,2024-03-25,81.05981690225599
2024-03-27,69455.34375,69894.14584281918,-438.8020928191836,2024-03-26,438.8020928191836
2024-03-28,70744.953125,69509.83831470142,1235.1148102985753,2024-03-27,1235.1148102985753
2024-03-29,69892.828125,70711.85666803435,-819.0285430343502,2024-03-28,819.0285430343502
2024-03-30,69645.3046875,69914.98487744798,-269.68018994797603,2024-03-29,269.68018994797603
2024-03-31,71333.6484375,69575.43685933016,1758.2115781698376,2024-03-30,1758.2115781698376
2024-04-01,69702.1484375,71338.00764832883,-1635.8592108288285,2024-03-31,1635.8592108288285
2024-04-02,65446.97265625,69848.81041345354,-4401.837757203539,2024-04-01,4401.837757203539
2024-04-03,65980.8125,65577.82803597843,402.98446402157424,2024-04-02,402.98446402157424
2024-04-04,68508.84375,65876.70683373422,2632.1369162657793,2024-04-03,2632.1369162657793
2024-04-05,67837.640625,68490.12460248772,-652.4839774877182,2024-04-04,652.4839774877182
2024-04-06,68896.109375,67872.77621615956,1023.3331588404399,2024-04-05,1023.3331588404399
2024-04-07,69362.5546875,68762.36515641084,600.1895310891559,2024-04-06,600.1895310891559
2024-04-08,71631.359375,69316.54777712001,2314.8115978799906,2024-04-07,2314.8115978799906
2024-04-09,69139.015625,71646.92989031755,-2507.9142653175513,2024-04-08,2507.9142653175513
2024-04-10,70587.8828125,69248.77357960543,1339.109232894567,2024-04-09,1339.109232894567
2024-04-11,70060.609375,70578.84850523436,-518.2391302343603,2024-04-10,518.2391302343603
2024-04-12,67195.8671875,69964.88994366699,-2769.022756166989,2024-04-11,2769.022756166989
2024-04-13,63821.47265625,67410.45154039934,-3588.978884149343,2024-04-12,3588.978884149343
2024-04-14,65738.7265625,63995.1580700514,1743.5684924485977,2024-04-13,1743.5684924485977
2024-04-15,63426.2109375,65606.48807134882,-2180.2771338488237,2024-04-14,2180.2771338488237
2024-04-16,63811.86328125,63425.55431597151,386.3089652784911,2024-04-15,386.3089652784911
2024-04-17,61276.69140625,63821.263329609115,-2544.5719233591153,2024-04-16,2544.5719233591153
2024-04-18,63512.75390625,61365.150712406736,2147.6031938432643,2024-04-17,2147.6031938432643
2024-04-19,63843.5703125,63393.28280050531,450.28751199469116,2024-04-18,450.28751199469116
2024-04-20,64994.44140625,63987.737314972415,1006.7040912775847,2024-04-19,1006.7040912775847
2024-04-21,64926.64453125,64781.253429334,145.39110191600048,2024-04-20,145.39110191600048
2024-04-22,66837.6796875,64892.35519336254,1945.3244941374578,2024-04-21,1945.3244941374578
2024-04-23,66407.2734375,66834.00660592322,-426.73316842321947,2024-04-22,426.73316842321947
2024-04-24,64276.8984375,66382.97829709476,-2106.0798595947563,2024-04-23,2106.0798595947563
2024-04-25,64481.70703125,64376.76562695304,104.94140429695835,2024-04-24,104.94140429695835
2024-04-26,63755.3203125,64493.42956600929,-738.1092535092903,2024-04-25,738.1092535092903
2024-04-27,63419.140625,63716.35181436916,-297.21118936916173,2024-04-26,297.21118936916173
2024-04-28,63113.23046875,63452.15032279336,-338.9198540433572,2024-04-27,338.9198540433572
2024-04-29,63841.12109375,63061.14497027082,779.9761234791804,2024-04-28,779.9761234791804
2024-04-30,60636.85546875,63921.76571664545,-3284.910247895452,2024-04-29,3284.910247895452
2024-05-01,58254.01171875,60775.47463336857,-2521.462914618569,2024-04-30,2521.462914618569
2024-05-02,59123.43359375,58338.927472112955,784.506121637045,2024-05-01,784.506121637045
2024-05-03,62889.8359375,59036.68823439971,3853.147703100287,2024-05-02,3853.147703100287
2024-05-04,63891.47265625,62795.48947634308,1095.9831799069216,2024-05-03,1095.9831799069216
2024-05-05,64031.1328125,63774.797199191315,256.3356133086854,2024-05-04,256.3356133086854
2024-05-06,63161.94921875,64043.17518895987,-881.2259702098672,2024-05-05,881.2259702098672
2024-05-07,62334.81640625,63165.637443596934,-830.8210373469337,2024-05-06,830.8210373469337
2024-05-08,61187.94140625,62335.77671136084,-1147.8353051108425,2024-05-07,1147.8353051108425
2024-05-09,63049.9609375,61252.66455300826,1797.2963844917394,2024-05-08,1797.2963844917394
2024-05-10,60792.77734375,63043.39837088071,-2250.6210271307136,2024-05-09,2250.6210271307136
2024-05-11,60793.7109375,60851.47425001319,-57.76331251319061,2024-05-10,57.76331251319061
2024-05-12,61448.39453125,60707.978278774906,740.4162524750936,2024-05-11,740.4162524750936
2024-05-13,62901.44921875,61444.34724742509,1457.1019713249116,2024-05-12,1457.1019713249116
2024-05-14,61552.7890625,62935.28277091287,-1382.4937084128687,2024-05-13,1382.4937084128687
2024-05-15,66267.4921875,61567.15479158674,4700.337395913259,2024-05-14,4700.337395913259
2024-05-16,65231.58203125,66231.6447342541,-1000.0627030041069,2024-05-15,1000.0627030041069
2024-05-17,67051.875,65168.79476803549,1883.0802319645081,2024-05-16,1883.0802319645081
2024-05-18,66940.8046875,66997.10841746873,-56.303729968727566,2024-05-17,56.303729968727566
2024-05-19,66278.3671875,66893.33058047504,-614.9633929750416,2024-05-18,614.9633929750416
2024-05-20,71448.1953125,66307.77288122171,5140.42243127829,2024-05-19,5140.42243127829
2024-05-21,70136.53125,71456.72431683204,-1320.193066832042,2024-05-20,1320.193066832042
2024-05-22,69122.3359375,70102.9607311125,-980.6247936125001,2024-05-21,980.6247936125001
2024-05-23,67929.5625,69085.85547963383,-1156.2929796338285,2024-05-22,1156.2929796338285
2024-05-24,68526.1015625,68054.50543361112,471.5961288888793,2024-05-23,471.5961288888793
2024-05-25,69265.9453125,68477.53278581878,788.4125266812189,2024-05-24,788.4125266812189
2024-05-26,68518.09375,69154.09385645346,-636.000106453459,2024-05-25,636.000106453459
2024-05-27,69394.5546875,68556.06989407603,838.484793423966,2024-05-26,838.484793423966
2024-05-28,68296.21875,69376.42425928847,-1080.2055092884693,2024-05-27,1080.2055092884693
2024-05-29,67578.09375,68400.41041165742,-822.3166616574163,2024-05-28,822.3166616574163
2024-05-30,68364.9921875,67538.89080052673,826.1013869732706,2024-05-29,826.1013869732706
2024-05-31,67491.4140625,68342.77280972425,-851.3587472242507,2024-05-30,851.3587472242507
2024-06-01,67706.9375,67541.8271459935,165.11035400649416,2024-05-31,165.11035400649416
2024-06-02,67751.6015625,67623.62536352432,127.97619897568075,2024-06-01,127.97619897568075
2024-06-03,68804.78125,67768.90573623794,1035.875513762061,2024-06-02,1035.875513762061
2024-06-04,70567.765625,68795.17998437559,1772.585640624413,2024-06-03,1772.585640624413
2024-06-05,71082.8203125,70559.5672565304,523.2530559696024,2024-06-04,523.2530559696024
2024-06-06,70757.1640625,71029.31820940487,-272.15414690486796,2024-06-05,272.15414690486796
2024-06-07,69342.5859375,70780.22550471575,-1437.6395672157523,2024-06-06,1437.6395672157523
2024-06-08,69305.7734375,69414.05103656458,-108.27759906457504,2024-06-07,108.27759906457504
2024-06-09,69647.9921875,69221.3858891791,426.6062983208976,2024-06-08,426.6062983208976
2024-06-10,69512.28125,69649.29571611606,-137.01446611605934,2024-06-09,137.01446611605934
2024-06-11,67332.03125,69527.28225175633,-2195.2510017563327,2024-06-10,2195.2510017563327
2024-06-12,68241.1875,67514.10268355244,727.084816447561,2024-06-11,727.084816447561
2024-06-13,66756.3984375,68117.03627704443,-1360.6378395444335,2024-06-12,1360.6378395444335
2024-06-14,66011.09375,66827.30723589737,-816.2134858973732,2024-06-13,816.2134858973732
2024-06-15,66191.0,66039.51607538419,151.48392461580806,2024-06-14,151.48392461580806
2024-06-16,66639.046875,66109.93247660875,529.114398391248,2024-06-15,529.114398391248
2024-06-17,66490.296875,66633.30770916432,-143.01083416432084,2024-06-16,143.01083416432084
2024-06-18,65140.74609375,66584.57890443828,-1443.8328106882836,2024-06-17,1443.8328106882836
2024-06-19,64960.296875,65197.08653678638,-236.78966178638075,2024-06-18,236.78966178638075
2024-06-20,64828.65625,64863.902113889955,-35.24586388995522,2024-06-19,35.24586388995522
2024-06-21,64096.19921875,64823.01138604525,-726.8121672952475,2024-06-20,726.8121672952475
2024-06-22,64252.578125,64179.498427716186,73.07969728381431,2024-06-21,73.07969728381431
2024-06-23,63180.796875,64168.72410294701,-987.9272279470097,2024-06-22,987.9272279470097
2024-06-24,60277.4140625,63219.31763952073,-2941.9035770207265,2024-06-23,2941.9035770207265
2024-06-25,61804.640625,60543.26813229073,1261.3724927092699,2024-06-24,1261.3724927092699
2024-06-26,60811.27734375,61627.39805583985,-816.1207120898471,2024-06-25,816.1207120898471
2024-06-27,61604.80078125,60810.67276483028,794.1280164197233,2024-06-26,794.1280164197233
2024-06-28,60320.13671875,61590.511591469294,-1270.3748727192942,2024-06-27,1270.3748727192942
2024-06-29,60887.37890625,60373.612537781264,513.7663684687359,2024-06-28,513.7663684687359
2024-06-30,62678.29296875,60825.39427953205,1852.8986892179528,2024-06-29,1852.8986892179528
2024-07-01,62851.98046875,62685.21099276451,166.76947598549305,2024-06-30,166.76947598549305
2024-07-02,62029.015625,62802.04984391817,-773.0342189181683,2024-07-01,773.0342189181683
2024-07-03,60173.921875,62070.39405597847,-1896.4721809784678,2024-07-02,1896.4721809784678
2024-07-04,56977.703125,60290.442499363984,-3312.739374363984,2024-07-03,3312.739374363984
2024-07-05,56662.375,57064.031448128604,-401.6564481286041,2024-07-04,401.6564481286041
2024-07-06,58303.5390625,56797.25325747251,1506.285805027488,2024-07-05,1506.285805027488
2024-07-07,55849.109375,58118.0644977771,-2268.9551227771008,2024-07-06,2268.9551227771008
2024-07-08,56705.09765625,55885.101230115775,819.9964261342247,2024-07-07,819.9964261342247
2024-07-09,58009.2265625,56752.43496524885,1256.7915972511473,2024-07-08,1256.7915972511473
2024-07-10,57742.49609375,57922.86787582813,-180.37178207813122,2024-07-09,180.37178207813122
2024-07-11,57344.9140625,57710.572264417315,-365.6582019173147,2024-07-10,365.6582019173147
2024-07-12,57899.46484375,57336.65928870991,562.8055550400895,2024-07-11,562.8055550400895
2024-07-13,59231.953125,57937.519246477816,1294.4338785221844,2024-07-12,1294.4338785221844
2024-07-14,60787.79296875,59160.622650684105,1627.1703180658951,2024-07-13,1627.1703180658951
2024-07-15,64870.15234375,60754.05541752887,4116.096926221129,2024-07-14,4116.096926221129
2024-07-16,65097.1484375,64855.37520901876,241.7732284812373,2024-07-15,241.7732284812373
2024-07-17,64118.79296875,65127.78166353908,-1008.9886947890773,2024-07-16,1008.9886947890773
2024-07-18,63974.06640625,64005.46264270088,-31.39623645087704,2024-07-17,31.39623645087704
2024-07-19,66710.15625,63990.01860702298,2720.137642977017,2024-07-18,2720.137642977017
2024-07-20,67163.6484375,66710.93496128601,452.71347621399036,2024-07-19,452.71347621399036
2024-07-21,68154.5234375,67059.54852963611,1094.9749078638852,2024-07-20,1094.9749078638852
2024-07-22,67585.25,68214.3801360945,-629.1301360945072,2024-07-21,629.1301360945072
2024-07-23,65927.671875,67578.84621543909,-1651.1743404390872,2024-07-22,1651.1743404390872
2024-07-24,65372.1328125,65956.24937511902,-584.1165626190195,2024-07-23,584.1165626190195
2024-07-25,65777.2265625,65327.55724522873,449.6693172712694,2024-07-24,449.6693172712694
2024-07-26,67912.0625,65897.9037804933,2014.1587195066968,2024-07-25,2014.1587195066968
2024-07-27,67813.3359375,67771.96265572756,41.37328177243762,2024-07-26,41.37328177243762
2024-07-28,68255.8671875,67813.25212395616,442.6150635438389,2024-07-27,442.6150635438389
2024-07-29,66819.9140625,68233.57716946103,-1413.6631069610303,2024-07-28,1413.6631069610303
2024-07-30,66201.015625,66844.53629713866,-643.5206721386639,2024-07-29,643.5206721386639
2024-07-31,64619.25,66260.96565608052,-1641.715656080516,2024-07-30,1641.715656080516
2024-08-01,65357.5,64622.03228394572,735.4677160542778,2024-07-31,735.4677160542778
2024-08-02,61415.06640625,65485.45728960732,-4070.3908833573223,2024-08-01,4070.3908833573223
2024-08-03,60680.09375,61442.832684121575,-762.7389341215749,2024-08-02,762.7389341215749
2024-08-04,58116.9765625,60663.31504009579,-2546.3384775957893,2024-08-03,2546.3384775957893
2024-08-05,53991.45703125,58229.640015364625,-4238.182984114625,2024-08-04,4238.182984114625
2024-08-06,56034.31640625,54423.0634009233,1611.2530053266964,2024-08-05,1611.2530053266964
2024-08-07,55027.4609375,55612.26812886836,-584.8071913683598,2024-08-06,584.8071913683598
2024-08-08,61710.13671875,55031.10243710517,6679.034281644832,2024-08-07,6679.034281644832
2024-08-09,60880.11328125,61682.57867607093,-802.4653948209307,2024-08-08,802.4653948209307
2024-08-10,60945.8125,60817.68005902448,128.13244097551797,2024-08-09,128.13244097551797
2024-08-11,58719.484375,60853.97280872572,-2134.488433725717,2024-08-10,2134.488433725717
2024-08-12,59354.515625,58812.88884942296,541.6267755770386,2024-08-11,541.6267755770386
2024-08-13,60609.56640625,59363.60497214516,1245.9614341048364,2024-08-12,1245.9614341048364
2024-08-14,58737.26953125,60577.65481561329,-1840.3852843632922,2024-08-13,1840.3852843632922
2024-08-15,57560.09765625,58751.46524480057,-1191.3675885505727,2024-08-14,1191.3675885505727
2024-08-16,58894.10546875,57656.93352347393,1237.1719452760735,2024-08-15,1237.1719452760735
2024-08-17,59478.97265625,58807.135318316316,671.8373379336845,2024-08-16,671.8373379336845
2024-08-18,58483.96484375,59407.60443362556,-923.6395898755582,2024-08-17,923.6395898755582
2024-08-19,59493.453125,58511.15683301007,982.2962919899292,2024-08-18,982.2962919899292
2024-08-20,59012.79296875,59536.21640989819,-523.4234411481884,2024-08-19,523.4234411481884
2024-08-21,61175.19140625,58967.902930870274,2207.288475379726,2024-08-20,2207.288475379726
2024-08-22,60381.9140625,61173.898758709074,-791.9846962090742,2024-08-21,791.9846962090742
2024-08-23,64094.35546875,60387.07128617824,3707.2841825717624,2024-08-22,3707.2841825717624
2024-08-24,64178.9921875,64040.92076557577,138.07142192422907,2024-08-23,138.07142192422907
2024-08-25,64333.54296875,64098.55826831723,234.98470043276757,2024-08-24,234.98470043276757
2024-08-26,62880.66015625,64313.496093357906,-1432.835937107906,2024-08-25,1432.835937107906
2024-08-27,59504.1328125,62947.33428115717,-3443.201468657171,2024-08-26,3443.201468657171
2024-08-28,59027.625,59721.94653897705,-694.3215389770485,2024-08-27,694.3215389770485
2024-08-29,59388.1796875,58968.23519246527,419.9444950347315,2024-08-28,419.9444950347315
2024-08-30,59119.4765625,59296.271164862104,-176.79460236210434,2024-08-29,176.79460236210434
2024-08-31,58969.8984375,59216.0203640653,-246.12192656529805,2024-08-30,246.12192656529805
2024-09-01,57325.48828125,58869.24615688276,-1543.7578756327566,2024-08-31,1543.7578756327566
2024-09-02,59112.48046875,57421.83597260514,1690.6444961448578,2024-09-01,1690.6444961448578
2024-09-03,57431.0234375,59083.56980922389,-1652.546371723889,2024-09-02,1652.546371723889
2024-09-04,57971.5390625,57441.12137742624,530.4176850737567,2024-09-03,530.4176850737567
2024-09-05,56160.48828125,58063.13080645605,-1902.6425252060508,2024-09-04,1902.6425252060508
2024-09-06,53948.75390625,56145.291537503355,-2196.5376312533554,2024-09-05,2196.5376312533554
2024-09-07,54139.6875,54080.8646368988,58.82286310120253,2024-09-06,58.82286310120253
2024-09-08,54841.56640625,53998.34238810217,843.2240181478264,2024-09-07,843.2240181478264
2024-09-09,57019.53515625,54856.56224940887,2162.9729068411325,2024-09-08,2162.9729068411325
2024-09-10,57648.7109375,56993.273464919956,655.4374725800444,2024-09-09,655.4374725800444
2024-09-11,57343.171875,57618.999550367495,-275.8276753674945,2024-09-10,275.8276753674945
2024-09-12,58127.01171875,57423.21263405256,703.7990846974426,2024-09-11,703.7990846974426
2024-09-13,60571.30078125,58006.62787037646,2564.672910873538,2024-09-12,2564.672910873538
2024-09-14,60005.12109375,60579.120329648744,-573.9992358987438,2024-09-13,573.9992358987438
2024-09-15,59182.8359375,59943.681602484045,-760.8456649840446,2024-09-14,760.8456649840446
2024-09-16,58192.5078125,59209.59390365602,-1017.086091156023,2024-09-15,1017.086091156023
2024-09-17,60308.5390625,58263.38950939325,2045.1495531067485,2024-09-16,2045.1495531067485
2024-09-18,61649.6796875,60264.50833495665,1385.1713525433515,2024-09-17,1385.1713525433515
2024-09-19,62940.45703125,61646.16896383569,1294.288067414309,2024-09-18,1294.288067414309
2024-09-20,63192.9765625,62823.017379658646,369.95918284135405,2024-09-19,369.95918284135405
2024-09-21,63394.83984375,63187.13417647163,207.70566727837286,2024-09-20,207.70566727837286
2024-09-22,63648.7109375,63359.86949839225,288.8414391077531,2024-09-21,288.8414391077531
2024-09-23,63329.80078125,63685.61871825447,-355.81793700446724,2024-09-22,355.81793700446724
2024-09-24,64301.96875,63323.603146123794,978.3656038762056,2024-09-23,978.3656038762056
2024-09-25,63143.14453125,64298.86180035253,-1155.7172691025335,2024-09-24,1155.7172691025335
2024-09-26,65181.01953125,63137.77829919079,2043.241232059212,2024-09-25,2043.241232059212
2024-09-27,65790.6640625,65185.01212403727,605.6519384627318,2024-09-26,605.6519384627318
2024-09-28,65887.6484375,65721.49461561911,166.15382188088552,2024-09-27,166.15382188088552
2024-09-29,65635.3046875,65852.38231171032,-217.07762421031657,2024-09-28,217.07762421031657
2024-09-30,63329.5,65638.36714503742,-2308.867145037424,2024-09-29,2308.867145037424
2024-10-01,60837.0078125,63482.26924308311,-2645.2614305831084,2024-09-30,2645.2614305831084
2024-10-02,60632.78515625,60916.33685399703,-283.55169774703245,2024-10-01,283.55169774703245
2024-10-03,60759.40234375,60576.56388440961,182.83845934038982,2024-10-02,182.83845934038982
2024-10-04,62067.4765625,60774.34516546792,1293.131397032077,2024-10-03,1293.131397032077
2024-10-05,62089.94921875,62030.94612413371,59.003094616287854,2024-10-04,59.003094616287854
2024-10-06,62818.953125,62035.01699242935,783.9361325706486,2024-10-05,783.9361325706486
