base_id,modelo,mae_usada,criterio_mae,origens_usadas,posicao_descritiva_base,vencedor_descritivo_base,modelos_disponiveis_base,comparacao_homologada,motivo_nao_homologacao,bases_avaliadas_modelo,vitorias_descritivas_modelo,posicao_media_descritiva_modelo,elegivel_vencedor_geral,vencedor_descritivo_geral,criterio_vencedor_geral,fonte,tipo_fonte,escopo
base_01,XGBoost,694.1672931834524,mae_registrada,842,1,True,4,False,"quantidades de origens diferentes: 842, 851",5,3,1.4,True,True,mais vitórias por base; desempate por menor posição média; exige cobertura 5/5,results/metrics.csv,consolidado_xgboost,descritivo_nao_homologado; MAE comparada somente dentro de cada base
base_01,SARIMAX,698.560125824588,mae_horizonte_1,851,2,False,4,False,"quantidades de origens diferentes: 842, 851",4,0,3.25,False,False,mais vitórias por base; desempate por menor posição média; exige cobertura 5/5,results/predictions/base_01__sarimax.csv,csv_final,descritivo_nao_homologado; MAE comparada somente dentro de cada base
base_01,Random Forest,764.717551,mae_registrada,842,3,False,4,False,"quantidades de origens diferentes: 842, 851",5,0,2.6,True,False,mais vitórias por base; desempate por menor posição média; exige cobertura 5/5,notebooks/base_01-grupo1_RF.ipynb,notebook_executado,descritivo_nao_homologado; MAE comparada somente dentro de cada base
base_01,Holt-Winters,812.049677198456,mae_horizonte_1,851,4,False,4,False,"quantidades de origens diferentes: 842, 851",5,2,2.6,True,False,mais vitórias por base; desempate por menor posição média; exige cobertura 5/5,results/predictions/base_01__holt_winters.csv,csv_final,descritivo_nao_homologado; MAE comparada somente dentro de cada base
base_02,XGBoost,127.89155544740096,mae_registrada,3372,1,True,4,False,"quantidades de origens diferentes: 3372, 7584, 8115",5,3,1.4,True,True,mais vitórias por base; desempate por menor posição média; exige cobertura 5/5,results/metrics.csv,consolidado_xgboost,descritivo_nao_homologado; MAE comparada somente dentro de cada base
base_02,Random Forest,129.760961,mae_registrada,3372,2,False,4,False,"quantidades de origens diferentes: 3372, 7584, 8115",5,0,2.6,True,False,mais vitórias por base; desempate por menor posição média; exige cobertura 5/5,notebooks/base_02-grupo2_RF.ipynb,notebook_executado,descritivo_nao_homologado; MAE comparada somente dentro de cada base
base_02,Holt-Winters,250.15053968952373,mae_horizonte_1,8115,3,False,4,False,"quantidades de origens diferentes: 3372, 7584, 8115",5,2,2.6,True,False,mais vitórias por base; desempate por menor posição média; exige cobertura 5/5,results/predictions/base_02__holt_winters.csv,csv_final,descritivo_nao_homologado; MAE comparada somente dentro de cada base
base_02,SARIMAX,574.0862835381646,mae_horizonte_1,7584,4,False,4,False,"quantidades de origens diferentes: 3372, 7584, 8115",4,0,3.25,False,False,mais vitórias por base; desempate por menor posição média; exige cobertura 5/5,results/predictions/base_02__sarimax.csv,csv_final,descritivo_nao_homologado; MAE comparada somente dentro de cada base
base_03,XGBoost,9.52865132252205,mae_registrada,2847,1,True,4,False,"quantidades de origens diferentes: 2847, 6771, 6828",5,3,1.4,True,True,mais vitórias por base; desempate por menor posição média; exige cobertura 5/5,results/metrics.csv,consolidado_xgboost,descritivo_nao_homologado; MAE comparada somente dentro de cada base
base_03,Random Forest,10.092369,mae_registrada,2847,2,False,4,False,"quantidades de origens diferentes: 2847, 6771, 6828",5,0,2.6,True,False,mais vitórias por base; desempate por menor posição média; exige cobertura 5/5,notebooks/base_03-grupo3_RF.ipynb,notebook_executado,descritivo_nao_homologado; MAE comparada somente dentro de cada base
base_03,SARIMAX,10.36954385349778,mae_horizonte_1,6771,3,False,4,False,"quantidades de origens diferentes: 2847, 6771, 6828",4,0,3.25,False,False,mais vitórias por base; desempate por menor posição média; exige cobertura 5/5,results/predictions/base_03__sarimax.csv,csv_final,descritivo_nao_homologado; MAE comparada somente dentro de cada base
base_03,Holt-Winters,14.196441055587488,mae_horizonte_1,6828,4,False,4,False,"quantidades de origens diferentes: 2847, 6771, 6828",5,2,2.6,True,False,mais vitórias por base; desempate por menor posição média; exige cobertura 5/5,results/predictions/base_03__holt_winters.csv,csv_final,descritivo_nao_homologado; MAE comparada somente dentro de cada base
base_04,Holt-Winters,0.1354379672554245,mae_horizonte_1,84045,1,True,3,False,"modelos ausentes: SARIMAX; quantidades de origens diferentes: 82830, 84045",5,2,2.6,True,False,mais vitórias por base; desempate por menor posição média; exige cobertura 5/5,results/predictions/base_04__holt_winters.csv,csv_final,descritivo_nao_homologado; MAE comparada somente dentro de cada base
base_04,XGBoost,0.1364859491863581,mae_registrada,82830,2,False,3,False,"modelos ausentes: SARIMAX; quantidades de origens diferentes: 82830, 84045",5,3,1.4,True,True,mais vitórias por base; desempate por menor posição média; exige cobertura 5/5,results/metrics.csv,consolidado_xgboost,descritivo_nao_homologado; MAE comparada somente dentro de cada base
base_04,Random Forest,0.136593,mae_registrada,82830,3,False,3,False,"modelos ausentes: SARIMAX; quantidades de origens diferentes: 82830, 84045",5,0,2.6,True,False,mais vitórias por base; desempate por menor posição média; exige cobertura 5/5,notebooks/base_04-grupo4_RF.ipynb,notebook_executado,descritivo_nao_homologado; MAE comparada somente dentro de cada base
base_05,Holt-Winters,0.0200777132302021,mae_horizonte_1,586,1,True,4,False,contagens iguais não comprovam origens idênticas; faltam previsões por origem de RF/XGBoost para pareamento,5,2,2.6,True,False,mais vitórias por base; desempate por menor posição média; exige cobertura 5/5,results/predictions/base_05__holt_winters.csv,csv_final,descritivo_nao_homologado; MAE comparada somente dentro de cada base
base_05,XGBoost,0.020133274286363,mae_registrada,586,2,False,4,False,contagens iguais não comprovam origens idênticas; faltam previsões por origem de RF/XGBoost para pareamento,5,3,1.4,True,True,mais vitórias por base; desempate por menor posição média; exige cobertura 5/5,results/metrics.csv,consolidado_xgboost,descritivo_nao_homologado; MAE comparada somente dentro de cada base
base_05,Random Forest,0.020517,mae_registrada,586,3,False,4,False,contagens iguais não comprovam origens idênticas; faltam previsões por origem de RF/XGBoost para pareamento,5,0,2.6,True,False,mais vitórias por base; desempate por menor posição média; exige cobertura 5/5,notebooks/base_05-grupo5_RF_retorno.ipynb,notebook_executado,descritivo_nao_homologado; MAE comparada somente dentro de cada base
base_05,SARIMAX,0.0292192900807558,mae_horizonte_1,586,4,False,4,False,contagens iguais não comprovam origens idênticas; faltam previsões por origem de RF/XGBoost para pareamento,4,0,3.25,False,False,mais vitórias por base; desempate por menor posição média; exige cobertura 5/5,results/predictions/base_05__sarimax.csv,csv_final,descritivo_nao_homologado; MAE comparada somente dentro de cada base
