base_id,modelo,protocolo,alvo,frequencia,treino_inicial,origens_avaliadas,horizonte_passos,mae,mape,order,features_exogenas,candidatos_tuning,convergiu,tempo_segundos,comparabilidade,ranking_na_base
base_01,SARIMAX_fast,fast_state_update,Close,D,1977,851,1,696.2141242511734,1.8280863442282984,"(0, 1, 1)",primary_lag_1;calendar_sin;calendar_cos;dezembro,20,True,5.246811200000138,provisorio: ajuste unico no treino inicial e atualizacao de estado sem reestimacao por origem; nao entra no ranking oficial,1
base_01,SARIMA_fast,fast_state_update,Close,D,1977,851,1,696.6425459729115,1.828769849176876,"(0, 1, 1)",,4,True,3.580727700000125,provisorio: ajuste unico no treino inicial e atualizacao de estado sem reestimacao por origem; nao entra no ranking oficial,2
base_01,Baseline_persistencia,fast_state_update,Close,D,1977,851,1,698.6204189923619,1.832017201928388,,,0,True,0.0,provisorio: ajuste unico no treino inicial e atualizacao de estado sem reestimacao por origem; nao entra no ranking oficial,3
base_02,SARIMAX_fast,fast_state_update,traffic_volume,h,30365,7597,1,417.8322170684045,19.634887056784613,"(0, 1, 0)",primary_lag_1;calendar_sin;calendar_cos;dezembro;seasonal_lag,20,True,45.451970800000026,provisorio: ajuste unico no treino inicial e atualizacao de estado sem reestimacao por origem; nao entra no ranking oficial,1
base_02,Baseline_persistencia,fast_state_update,traffic_volume,h,30365,7597,1,583.6647360800316,26.811366235611487,,,0,True,0.0,provisorio: ajuste unico no treino inicial e atualizacao de estado sem reestimacao por origem; nao entra no ranking oficial,2
base_02,SARIMA_fast,fast_state_update,traffic_volume,h,30365,7597,1,583.6647360800316,26.811366235611484,"(0, 1, 0)",,4,True,30.26855580000006,provisorio: ajuste unico no treino inicial e atualizacao de estado sem reestimacao por origem; nao entra no ranking oficial,3
base_03,Baseline_persistencia,fast_state_update,PM2.5,h,27270,6824,1,10.415298944900352,26.464528261243647,,,0,True,0.0,provisorio: ajuste unico no treino inicial e atualizacao de estado sem reestimacao por origem; nao entra no ranking oficial,1
base_03,SARIMA_fast,fast_state_update,PM2.5,h,27270,6824,1,10.415298944900352,26.464528261243647,"(0, 1, 0)",,4,True,26.5886237000002,provisorio: ajuste unico no treino inicial e atualizacao de estado sem reestimacao por origem; nao entra no ranking oficial,2
base_03,SARIMAX_fast,fast_state_update,PM2.5,h,27270,6824,1,10.423798023284862,27.00084453034406,"(0, 1, 0)",calendar_sin;calendar_cos;dezembro,20,True,49.737345500000174,provisorio: ajuste unico no treino inicial e atualizacao de estado sem reestimacao por origem; nao entra no ranking oficial,3
base_04,SARIMAX_fast,fast_state_update,T (degC),10min,336030,84044,1,0.1325931526840351,3.754987666923944,"(0, 1, 1)",primary_lag_1;calendar_sin;calendar_cos;dezembro;seasonal_lag,20,True,345.3239559000003,provisorio: ajuste unico no treino inicial e atualizacao de estado sem reestimacao por origem; nao entra no ranking oficial,1
base_04,SARIMA_fast,fast_state_update,T (degC),10min,336030,84044,1,0.1358897135824634,3.777036993590376,"(1, 1, 1)",,4,True,425.1622870000001,provisorio: ajuste unico no treino inicial e atualizacao de estado sem reestimacao por origem; nao entra no ranking oficial,2
base_04,Baseline_persistencia,fast_state_update,T (degC),10min,336030,84044,1,0.1657339012898006,4.651533989538184,,,0,True,0.0,provisorio: ajuste unico no treino inicial e atualizacao de estado sem reestimacao por origem; nao entra no ranking oficial,3
base_05,Baseline_retorno_zero,fast_state_update,target_log_return_t_plus_1,W-FRI,1706,586,1,0.020100823256821557,100.0,,,0,True,0.0,provisorio: ajuste unico no treino inicial e atualizacao de estado sem reestimacao por origem; nao entra no ranking oficial,1
base_05,SARIMA_fast,fast_state_update,target_log_return_t_plus_1,W-FRI,1706,586,1,0.020100823256821557,100.0,"(0, 0, 0)",,4,True,0.8193759000000682,provisorio: ajuste unico no treino inicial e atualizacao de estado sem reestimacao por origem; nao entra no ranking oficial,2
base_05,SARIMAX_fast,fast_state_update,target_log_return_t_plus_1,W-FRI,1706,586,1,0.02018978909858452,106.84558143131437,"(1, 0, 1)",calendar_sin;calendar_cos;dezembro,20,True,1.425324499999988,provisorio: ajuste unico no treino inicial e atualizacao de estado sem reestimacao por origem; nao entra no ranking oficial,3
